{
  "config": {
    "per_video": "altfreezing/tests/celebdf/topk/per_video.csv",
    "dataset": "celebdf",
    "method": "topk",
    "fake_per_real": 9.5,
    "repeats": 5,
    "bootstrap": 2000,
    "seed": 42,
    "outdir": "altfreezing/tests/results_suite/celebdf/topk",
    "wandb": false,
    "wandb_project": null,
    "wandb_entity": null
  },
  "counts_available": {
    "real": 178,
    "fake": 340,
    "total": 518
  },
  "repeat_stats": {
    "repeats": 5,
    "auc_mean": 0.9003434343434344,
    "auc_sd": 0.015622923036213167,
    "ap_mean": 0.9887849631831804,
    "ap_sd": 0.002632966977256135
  },
  "bootstrap_ci": {
    "B": 2000,
    "auc_ci95": [
      0.8448004201680672,
      0.9482700892857143
    ],
    "ap_ci95": [
      0.9813781556543678,
      0.9944903301258412
    ]
  },
  "reference_subset": {
    "n": 300,
    "n_real": 28,
    "n_fake": 272,
    "auc": 0.9012605042016807,
    "ap": 0.9885843976246387,
    "roc": {
      "fpr": [
        0.0,
        0.0,
        0.0,
        0.0,
        0.0,
        0.0,
        0.0,
        0.0,
        0.0,
        0.0,
        0.0,
        0.0,
        0.0,
        0.0,
        0.0,
        0.0,
        0.0,
        0.0,
        0.0,
        0.0,
        0.0,
        0.0,
        0.0,
        0.03571428571428571,
        0.03571428571428571,
        0.03571428571428571,
        0.03571428571428571,
        0.03571428571428571,
        0.03571428571428571,
        0.03571428571428571,
        0.03571428571428571,
        0.07142857142857142,
        0.07142857142857142,
        0.10714285714285714,
        0.10714285714285714,
        0.14285714285714285,
        0.14285714285714285,
        0.21428571428571427,
        0.21428571428571427,
        0.25,
        0.25,
        0.32142857142857145,
        0.32142857142857145,
        0.35714285714285715,
        0.35714285714285715,
        0.39285714285714285,
        0.39285714285714285,
        0.42857142857142855,
        0.42857142857142855,
        0.5,
        0.5,
        0.5357142857142857,
        0.5357142857142857,
        0.5714285714285714,
        0.5714285714285714,
        0.6071428571428571,
        0.6071428571428571,
        0.6428571428571429,
        0.6428571428571429,
        0.6785714285714286,
        0.6785714285714286,
        0.7142857142857143,
        0.7142857142857143,
        0.7857142857142857,
        0.7857142857142857,
        1.0
      ],
      "tpr": [
        0.0,
        0.003676470588235294,
        0.011029411764705883,
        0.01838235294117647,
        0.05514705882352941,
        0.0625,
        0.09558823529411764,
        0.10294117647058823,
        0.15073529411764705,
        0.15808823529411764,
        0.17647058823529413,
        0.19117647058823528,
        0.20588235294117646,
        0.21323529411764705,
        0.3713235294117647,
        0.3786764705882353,
        0.39705882352941174,
        0.40441176470588236,
        0.41911764705882354,
        0.4264705882352941,
        0.44485294117647056,
        0.4522058823529412,
        0.5183823529411765,
        0.5183823529411765,
        0.5588235294117647,
        0.5661764705882353,
        0.5772058823529411,
        0.5845588235294118,
        0.5882352941176471,
        0.5955882352941176,
        0.6139705882352942,
        0.6139705882352942,
        0.6691176470588235,
        0.6691176470588235,
        0.6801470588235294,
        0.6801470588235294,
        0.8639705882352942,
        0.8639705882352942,
        0.8860294117647058,
        0.8860294117647058,
        0.9080882352941176,
        0.9080882352941176,
        0.9117647058823529,
        0.9117647058823529,
        0.9154411764705882,
        0.9154411764705882,
        0.9227941176470589,
        0.9227941176470589,
        0.9264705882352942,
        0.9264705882352942,
        0.9338235294117647,
        0.9338235294117647,
        0.9448529411764706,
        0.9448529411764706,
        0.9522058823529411,
        0.9522058823529411,
        0.9669117647058824,
        0.9669117647058824,
        0.9705882352941176,
        0.9705882352941176,
        0.9742647058823529,
        0.9742647058823529,
        0.9889705882352942,
        0.9889705882352942,
        1.0,
        1.0
      ]
    },