metric,mean,sd,ci95_lo,ci95_hi
auc,0.9003434343434344,0.015622923036213167,0.8448004201680672,0.9482700892857143
ap,0.9887849631831804,0.002632966977256135,0.9813781556543678,0.9944903301258412
