{
  "clip_metrics": {
    "samples": 46001,
    "accuracy": 0.5674659246538118,
    "precision": 0.6788424854904825,
    "recall": 0.582584465343086,
    "f1": 0.6270408067630133,
    "f1_macro": 0.5561406398443944,
    "f1_micro": 0.5674659246538118,
    "confusion_matrix": [
      [
        9378,
        7913
      ],
      [
        11984,
        16726
      ]
    ],
    "roc_auc": 0.5841750522803453,
    "pr_auc": 0.6807497360449005,
    "@tau": {
      "threshold": 0.49999999999999994,
      "TP": 16726,
      "TN": 9378,
      "FP": 7913,
      "FN": 11984,
      "accuracy": 0.5674659246538118,
      "precision": 0.6788424854904825,
      "recall": 0.582584465343086,
      "youden": 0.12494754440155575,
      "f1_pos": 0.6270408067630133,
      "f1_macro": 0.5561406398443944,
      "f1_micro": 0.5674659246538118,
      "confusion_matrix": [
        [
          9378,
          7913
        ],
        [
          11984,
          16726
        ]
      ]
    },
    "discrete_from_tau": {
      "accuracy": 0.5674659246538118,
      "precision": 0.6788424854904825,
      "recall": 0.582584465343086,
      "youden": 0.12494754440155575,
      "f1_pos": 0.6270408067630133,
      "f1_macro": 0.5561406398443944,
      "f1_micro": 0.5674659246538118
    },
    "roc_auc_boot": {
      "auc": 0.5842259297556935,
      "ci95": [
        0.5791413018625334,
        0.589839497589487
      ],
      "mean": 0.5842259297556935,
      "median": 0.5841598803657078,
      "n_boot": 2000
    },
    "pr_auc_boot": {
      "ap": 0.680787828152316,
      "ci95": [
        0.6761105696369059,
        0.685435779576892
      ],
      "mean": 0.680787828152316,
      "median": 0.6807222558794245,
      "n_boot": 2000
    },
    "discrete_boot": {
      "accuracy": {
        "mean": 0.5675643790352383,
        "median": 0.5674876633116671,
        "ci95": [
          0.5630747157670486,
          0.5720745201191278
        ],
        "n_boot": 2000
      },
      "precision": {
        "mean": 0.6788857989254736,
        "median": 0.6789428779699977,
        "ci95": [
          0.6733648480695693,
          0.6847420391157765
        ],
        "n_boot": 2000
      },
      "recall": {
        "mean": 0.5826699392828318,
        "median": 0.5827526107023255,
        "ci95": [
          0.576622807279494,
          0.5884033189982874
        ],
        "n_boot": 2000
      },
      "youden": {
        "mean": 0.12515863385920784,
        "median": 0.12506856978820075,
        "ci95": [
          0.11585624817870344,
          0.13471872991197312
        ],
        "n_boot": 2000
      },
      "f1_pos": {
        "mean": 0.6271044537766536,
        "median": 0.6271351143172973,
        "ci95": [
          0.6223233210385078,
          0.6319258035256701
        ],
        "n_boot": 2000
      },
      "f1_macro": {
        "mean": 0.5562440930518158,
        "median": 0.5562207624060566,
        "ci95": [
          0.5516158370120917,
          0.5608620894299073
        ],
        "n_boot": 2000
      },
      "f1_micro": {
        "mean": 0.5675643790352383,
        "median": 0.5674876633116671,
        "ci95": [
          0.5630747157670486,
          0.5720745201191278
        ],
        "n_boot": 2000
      }
    },
    "@tau_boot": {
      "precision_at_t": {
        "mean": 0.6788857989254736,
        "median": 0.6789428779699977,
        "ci95": [
          0.6733648480695693,
          0.6847420391157765
        ],
        "n_boot": 2000
      },
      "recall_at_t": {
        "mean": 0.5826699392828318,
        "median": 0.5827526107023255,
        "ci95": [
          0.576622807279494,
          0.5884033189982874
        ],
        "n_boot": 2000
      },
      "f1_at_t": {
        "mean": 0.6271044537766536,
        "median": 0.6271351143172973,
        "ci95": [
          0.6223233210385078,
          0.6319258035256701
        ],
        "n_boot": 2000
      }
    }
  },
  "per_tech_clip_acc": {
    "Celeb-synthesis": {
      "accuracy": 0.582584465343086,
      "clips": 28710
    },
    "REAL": {
      "accuracy": 0.5423630790584697,
      "clips": 17291
    }
  },
  "video_metrics_at_t": {
    "t_video": 0.6511667370796204,
    "samples": 518,
    "accuracy": 0.6467181467181468,
    "precision": 0.7962264150943397,
    "recall": 0.6205882352941177,
    "f1": 0.6975206611570248,
    "f1_macro": 0.6364633468198118,
    "f1_micro": 0.6467181467181468,
    "confusion_matrix": [
      [
        124,
        54
      ],
      [
        129,
        211
      ]
    ],
    "roc_auc": 0.6959847984137474,
    "pr_auc": 0.7892506433044987,
    "@tau": {
      "threshold": 0.6511667370796204,
      "TP": 211,
      "TN": 124,
      "FP": 54,
      "FN": 129,
      "accuracy": 0.6467181467181468,
      "precision": 0.7962264150943397,
      "recall": 0.6205882352941177,
      "youden": 0.3172174487772637,
      "f1_pos": 0.6975206611570248,
      "f1_macro": 0.6364633468198118,
      "f1_micro": 0.6467181467181468,
      "confusion_matrix": [
        [
          124,
          54
        ],
        [
          129,
          211
        ]
      ]
    },
    "discrete_from_tau": {
      "accuracy": 0.6467181467181468,
      "precision": 0.7962264150943397,
      "recall": 0.6205882352941177,
      "youden": 0.3172174487772637,
      "f1_pos": 0.6975206611570248,
      "f1_macro": 0.6364633468198118,
      "f1_micro": 0.6467181467181468
    },
    "roc_auc_boot": {
      "auc": 0.695775634903838,
      "ci95": [
        0.6479290945849947,
        0.7438346100417643
      ],
      "mean": 0.695775634903838,
      "median": 0.6956765986675778,
      "n_boot": 2000
    },
    "pr_auc_boot": {
      "ap": 0.7924445218358294,
      "ci95": [
        0.7515956901923175,
        0.8343151971517299
      ],
      "mean": 0.7924445218358294,
      "median": 0.7919539338602524,
      "n_boot": 2000
    },
    "discrete_boot": {
      "accuracy": {
        "mean": 0.6466486486486487,
        "median": 0.6467181467181468,
        "ci95": [
          0.6042471042471043,
          0.6872586872586872
        ],
        "n_boot": 2000
      },
      "precision": {
        "mean": 0.7961168656503633,
        "median": 0.7957367863092534,
        "ci95": [
          0.7453857263291734,
          0.8455612002980424
        ],
        "n_boot": 2000
      },
      "recall": {
        "mean": 0.620235229228711,
        "median": 0.6196574258229492,
        "ci95": [
          0.5663716814159292,
          0.6715126935142877
        ],
        "n_boot": 2000
      },
      "youden": {
        "mean": 0.3172745434496135,
        "median": 0.3183418964247166,
        "ci95": [
          0.22920465338977605,
          0.40438554105852864
        ],
        "n_boot": 2000
      },
      "f1_pos": {
        "mean": 0.6969000860707207,
        "median": 0.6976744186046512,
        "ci95": [
          0.6508454364334594,
          0.7385174044780616
        ],
        "n_boot": 2000
      },
      "f1_macro": {
        "mean": 0.6359991330004675,
        "median": 0.6361081840533895,
        "ci95": [
          0.5950530842809122,
          0.6769877892540901
        ],
        "n_boot": 2000
      },
      "f1_micro": {
        "mean": 0.6466486486486487,
        "median": 0.6467181467181468,
        "ci95": [
          0.6042471042471043,
          0.6872586872586872
        ],
        "n_boot": 2000
      }
    },
    "@tau_boot": {
      "precision_at_t": {
        "mean": 0.7961168656503633,
        "median": 0.7957367863092534,
        "ci95": [
          0.7453857263291734,
          0.8455612002980424
        ],
        "n_boot": 2000
      },
      "recall_at_t": {
        "mean": 0.620235229228711,
        "median": 0.6196574258229492,
        "ci95": [
          0.5663716814159292,
          0.6715126935142877
        ],
        "n_boot": 2000
      },
      "f1_at_t": {
        "mean": 0.6969000860707207,
        "median": 0.6976744186046512,