{
  "clip_metrics": {
    "samples": 46001,
    "accuracy": 0.5674659246538118,
    "precision": 0.6788424854904825,
    "recall": 0.582584465343086,
    "f1": 0.6270408067630133,
    "f1_macro": 0.5561406398443944,
    "f1_micro": 0.5674659246538118,
    "confusion_matrix": [
      [
        9378,
        7913
      ],
      [
        11984,
        16726
      ]
    ],
    "roc_auc": 0.5841750522803453,
    "pr_auc": 0.6807497360449005,
    "@tau": {
      "threshold": 0.49999999999999994,
      "TP": 16726,
      "TN": 9378,
      "FP": 7913,
      "FN": 11984,
      "accuracy": 0.5674659246538118,
      "precision": 0.6788424854904825,
      "recall": 0.582584465343086,
      "youden": 0.12494754440155575,
      "f1_pos": 0.6270408067630133,
      "f1_macro": 0.5561406398443944,
      "f1_micro": 0.5674659246538118,
      "confusion_matrix": [
        [
          9378,
          7913
        ],
        [
          11984,
          16726
        ]
      ]
    },
    "discrete_from_tau": {
      "accuracy": 0.5674659246538118,
      "precision": 0.6788424854904825,
      "recall": 0.582584465343086,
      "youden": 0.12494754440155575,
      "f1_pos": 0.6270408067630133,
      "f1_macro": 0.5561406398443944,
      "f1_micro": 0.5674659246538118
    },
    "roc_auc_boot": {
      "auc": 0.5842259297556935,
      "ci95": [
        0.5791413018625334,
        0.589839497589487
      ],
      "mean": 0.5842259297556935,
      "median": 0.5841598803657078,
      "n_boot": 2000
    },
    "pr_auc_boot": {
      "ap": 0.680787828152316,
      "ci95": [
        0.6761105696369059,
        0.685435779576892
      ],
      "mean": 0.680787828152316,
      "median": 0.6807222558794245,
      "n_boot": 2000
    },
    "discrete_boot": {
      "accuracy": {
        "mean": 0.5675643790352383,
        "median": 0.5674876633116671,
        "ci95": [
          0.5630747157670486,
          0.5720745201191278
        ],
        "n_boot": 2000
      },
      "precision": {
        "mean": 0.6788857989254736,
        "median": 0.6789428779699977,
        "ci95": [
          0.6733648480695693,
          0.6847420391157765
        ],
        "n_boot": 2000
      },
      "recall": {
        "mean": 0.5826699392828318,
        "median": 0.5827526107023255,
        "ci95": [
          0.576622807279494,
          0.5884033189982874
        ],
        "n_boot": 2000
      },
      "youden": {
        "mean": 0.12515863385920784,
        "median": 0.12506856978820075,
        "ci95": [
          0.11585624817870344,
          0.13471872991197312
        ],
        "n_boot": 2000
      },
      "f1_pos": {
        "mean": 0.6271044537766536,
        "median": 0.6271351143172973,
        "ci95": [
          0.6223233210385078,
          0.6319258035256701
        ],
        "n_boot": 2000
      },
      "f1_macro": {
        "mean": 0.5562440930518158,
        "median": 0.5562207624060566,
        "ci95": [
          0.5516158370120917,
          0.5608620894299073
        ],
        "n_boot": 2000
      },
      "f1_micro": {
        "mean": 0.5675643790352383,
        "median": 0.5674876633116671,
        "ci95": [
          0.5630747157670486,
          0.5720745201191278
        ],
        "n_boot": 2000
      }
    },
    "@tau_boot": {
      "precision_at_t": {
        "mean": 0.6788857989254736,
        "median": 0.6789428779699977,
        "ci95": [
          0.6733648480695693,
          0.6847420391157765
        ],
        "n_boot": 2000
      },
      "recall_at_t": {
        "mean": 0.5826699392828318,
        "median": 0.5827526107023255,
        "ci95": [
          0.576622807279494,
          0.5884033189982874
        ],
        "n_boot": 2000
      },
      "f1_at_t": {
        "mean": 0.6271044537766536,
        "median": 0.6271351143172973,
        "ci95": [
          0.6223233210385078,
          0.6319258035256701
        ],
        "n_boot": 2000
      }
    }
  },
  "per_tech_clip_acc": {
    "Celeb-synthesis": {
      "accuracy": 0.582584465343086,
      "clips": 28710
    },
    "REAL": {
      "accuracy": 0.5423630790584697,
      "clips": 17291
    }
  },
  "video_metrics_at_t": {
    "t_video": 0.5046473504329214,
    "samples": 518,
    "accuracy": 0.6911196911196911,
    "precision": 0.802013422818792,
    "recall": 0.7029411764705882,
    "f1": 0.7492163009404389,
    "f1_macro": 0.6736031253445913,
    "f1_micro": 0.6911196911196911,
    "confusion_matrix": [
      [
        119,
        59
      ],
      [
        101,
        239
      ]
    ],
    "roc_auc": 0.7271480502313286,
    "pr_auc": 0.8007221307715242,
    "@tau": {
      "threshold": 0.5046473504329214,
      "TP": 239,
      "TN": 119,
      "FP": 59,
      "FN": 101,
      "accuracy": 0.6911196911196911,
      "precision": 0.802013422818792,
      "recall": 0.7029411764705882,
      "youden": 0.37148050231328483,
      "f1_pos": 0.7492163009404389,
      "f1_macro": 0.6736031253445913,
      "f1_micro": 0.6911196911196911,
      "confusion_matrix": [
        [
          119,
          59
        ],
        [
          101,
          239
        ]
      ]
    },
    "discrete_from_tau": {
      "accuracy": 0.6911196911196911,
      "precision": 0.802013422818792,
      "recall": 0.7029411764705882,
      "youden": 0.37148050231328483,
      "f1_pos": 0.7492163009404389,
      "f1_macro": 0.6736031253445913,
      "f1_micro": 0.6911196911196911
    },
    "roc_auc_boot": {
      "auc": 0.7272894935817953,
      "ci95": [
        0.6802935064800799,
        0.7735766125404587
      ],
      "mean": 0.7272894935817953,
      "median": 0.7273672374266359,
      "n_boot": 2000
    },
    "pr_auc_boot": {
      "ap": 0.8042924594882257,
      "ci95": [
        0.7607993525880438,
        0.845506476280609
      ],
      "mean": 0.8042924594882257,
      "median": 0.8043228805727674,
      "n_boot": 2000
    },
    "discrete_boot": {
      "accuracy": {
        "mean": 0.6910588803088804,
        "median": 0.6911196911196911,
        "ci95": [
          0.65246138996139,
          0.7316602316602316
        ],
        "n_boot": 2000
      },
      "precision": {
        "mean": 0.8017065664175734,
        "median": 0.8013468013468014,
        "ci95": [
          0.7550158496086946,
          0.8469063684105564
        ],
        "n_boot": 2000
      },
      "recall": {
        "mean": 0.7029940872113568,
        "median": 0.7027027027027027,
        "ci95": [
          0.6541759516788419,
          0.7528752535496958
        ],
        "n_boot": 2000
      },
      "youden": {
        "mean": 0.3713381904538821,
        "median": 0.3711743955639744,
        "ci95": [
          0.28413032904930796,
          0.45696408107203645
        ],
        "n_boot": 2000
      },
      "f1_pos": {
        "mean": 0.7488218713264501,
        "median": 0.7495986993478703,
        "ci95": [
          0.710608817058724,
          0.7870395184618003
        ],
        "n_boot": 2000
      },
      "f1_macro": {
        "mean": 0.6731310138011355,
        "median": 0.6725532709979397,
        "ci95": [
          0.6315921218358014,
          0.7156834669721268
        ],
        "n_boot": 2000
      },
      "f1_micro": {
        "mean": 0.6910588803088804,
        "median": 0.6911196911196911,
        "ci95": [
          0.65246138996139,
          0.7316602316602316
        ],
        "n_boot": 2000
      }
    },
    "@tau_boot": {
      "precision_at_t": {
        "mean": 0.8017065664175734,
        "median": 0.8013468013468014,
        "ci95": [
          0.7550158496086946,
          0.8469063684105564
        ],
        "n_boot": 2000
      },
      "recall_at_t": {
        "mean": 0.7029940872113568,
        "median": 0.7027027027027027,
        "ci95": [
          0.6541759516788419,
          0.7528752535496958
        ],
        "n_boot": 2000
      },
      "f1_at_t": {
        "mean": 0.7488218713264501,
        "median": 0.7495986993478703,