{
  "clip_metrics": {
    "samples": 46001,
    "accuracy": 0.5674659246538118,
    "precision": 0.6788424854904825,
    "recall": 0.582584465343086,
    "f1": 0.6270408067630133,
    "f1_macro": 0.5561406398443944,
    "f1_micro": 0.5674659246538118,
    "confusion_matrix": [
      [
        9378,
        7913
      ],
      [
        11984,
        16726
      ]
    ],
    "roc_auc": 0.5841750522803453,
    "pr_auc": 0.6807497360449005,
    "@tau": {
      "threshold": 0.49999999999999994,
      "TP": 16726,
      "TN": 9378,
      "FP": 7913,
      "FN": 11984,
      "accuracy": 0.5674659246538118,
      "precision": 0.6788424854904825,
      "recall": 0.582584465343086,
      "youden": 0.12494754440155575,
      "f1_pos": 0.6270408067630133,
      "f1_macro": 0.5561406398443944,
      "f1_micro": 0.5674659246538118,
      "confusion_matrix": [
        [
          9378,
          7913
        ],
        [
          11984,
          16726
        ]
      ]
    },
    "discrete_from_tau": {
      "accuracy": 0.5674659246538118,
      "precision": 0.6788424854904825,
      "recall": 0.582584465343086,
      "youden": 0.12494754440155575,
      "f1_pos": 0.6270408067630133,
      "f1_macro": 0.5561406398443944,
      "f1_micro": 0.5674659246538118
    },
    "roc_auc_boot": {
      "auc": 0.5842259297556935,
      "ci95": [
        0.5791413018625334,
        0.589839497589487
      ],
      "mean": 0.5842259297556935,
      "median": 0.5841598803657078,
      "n_boot": 2000
    },
    "pr_auc_boot": {
      "ap": 0.680787828152316,
      "ci95": [
        0.6761105696369059,
        0.685435779576892
      ],
      "mean": 0.680787828152316,
      "median": 0.6807222558794245,
      "n_boot": 2000
    },
    "discrete_boot": {
      "accuracy": {
        "mean": 0.5675643790352383,
        "median": 0.5674876633116671,
        "ci95": [
          0.5630747157670486,
          0.5720745201191278
        ],
        "n_boot": 2000
      },
      "precision": {
        "mean": 0.6788857989254736,
        "median": 0.6789428779699977,
        "ci95": [
          0.6733648480695693,
          0.6847420391157765
        ],
        "n_boot": 2000
      },
      "recall": {
        "mean": 0.5826699392828318,
        "median": 0.5827526107023255,
        "ci95": [
          0.576622807279494,
          0.5884033189982874
        ],
        "n_boot": 2000
      },
      "youden": {
        "mean": 0.12515863385920784,
        "median": 0.12506856978820075,
        "ci95": [
          0.11585624817870344,
          0.13471872991197312
        ],
        "n_boot": 2000
      },
      "f1_pos": {
        "mean": 0.6271044537766536,
        "median": 0.6271351143172973,
        "ci95": [
          0.6223233210385078,
          0.6319258035256701
        ],
        "n_boot": 2000
      },
      "f1_macro": {
        "mean": 0.5562440930518158,
        "median": 0.5562207624060566,
        "ci95": [
          0.5516158370120917,
          0.5608620894299073
        ],
        "n_boot": 2000
      },
      "f1_micro": {
        "mean": 0.5675643790352383,
        "median": 0.5674876633116671,
        "ci95": [
          0.5630747157670486,
          0.5720745201191278
        ],
        "n_boot": 2000
      }
    },
    "@tau_boot": {
      "precision_at_t": {
        "mean": 0.6788857989254736,
        "median": 0.6789428779699977,
        "ci95": [
          0.6733648480695693,
          0.6847420391157765
        ],
        "n_boot": 2000
      },
      "recall_at_t": {
        "mean": 0.5826699392828318,
        "median": 0.5827526107023255,
        "ci95": [
          0.576622807279494,
          0.5884033189982874
        ],
        "n_boot": 2000
      },
      "f1_at_t": {
        "mean": 0.6271044537766536,
        "median": 0.6271351143172973,
        "ci95": [
          0.6223233210385078,
          0.6319258035256701
        ],
        "n_boot": 2000
      }
    }
  },
  "per_tech_clip_acc": {
    "Celeb-synthesis": {
      "accuracy": 0.582584465343086,
      "clips": 28710
    },
    "REAL": {
      "accuracy": 0.5423630790584697,
      "clips": 17291
    }
  },
  "video_metrics_at_t": {
    "t_video": 0.7942081689834595,
    "samples": 518,
    "accuracy": 0.5694980694980695,
    "precision": 0.8162162162162162,
    "recall": 0.4441176470588235,
    "f1": 0.5752380952380952,
    "f1_macro": 0.5694194390084801,
    "f1_micro": 0.5694980694980695,
    "confusion_matrix": [
      [
        144,
        34
      ],
      [
        189,
        151
      ]
    ],
    "roc_auc": 0.6490912095175149,
    "pr_auc": 0.759353277446589,
    "@tau": {
      "threshold": 0.7942081689834595,
      "TP": 151,
      "TN": 144,
      "FP": 34,
      "FN": 189,
      "accuracy": 0.5694980694980695,
      "precision": 0.8162162162162162,
      "recall": 0.4441176470588235,
      "youden": 0.2531064111037673,
      "f1_pos": 0.5752380952380952,
      "f1_macro": 0.5694194390084801,
      "f1_micro": 0.5694980694980695,
      "confusion_matrix": [
        [
          144,
          34
        ],
        [
          189,
          151
        ]
      ]
    },
    "discrete_from_tau": {
      "accuracy": 0.5694980694980695,
      "precision": 0.8162162162162162,
      "recall": 0.4441176470588235,
      "youden": 0.2531064111037673,
      "f1_pos": 0.5752380952380952,
      "f1_macro": 0.5694194390084801,
      "f1_micro": 0.5694980694980695
    },
    "roc_auc_boot": {
      "auc": 0.648316776210423,
      "ci95": [
        0.5997076392725604,
        0.6988376466884819
      ],
      "mean": 0.648316776210423,
      "median": 0.6479223391953416,
      "n_boot": 2000
    },
    "pr_auc_boot": {
      "ap": 0.7617036167032393,
      "ci95": [
        0.7193281229971881,
        0.8041310921497894
      ],
      "mean": 0.7617036167032393,
      "median": 0.7615800509504758,
      "n_boot": 2000
    },
    "discrete_boot": {
      "accuracy": {
        "mean": 0.5692702702702702,
        "median": 0.5694980694980695,
        "ci95": [
          0.527027027027027,
          0.6120173745173743
        ],
        "n_boot": 2000
      },
      "precision": {
        "mean": 0.8156971939305933,
        "median": 0.8162162162162162,
        "ci95": [
          0.7567531817531818,
          0.8728347651135311
        ],
        "n_boot": 2000
      },
      "recall": {
        "mean": 0.4438112926309468,
        "median": 0.44375949848024315,
        "ci95": [
          0.3926527366325093,
          0.49589531680440757
        ],
        "n_boot": 2000
      },
      "youden": {
        "mean": 0.2524669311732467,
        "median": 0.2518778543722363,
        "ci95": [
          0.17145672177656437,
          0.3320968318958929
        ],
        "n_boot": 2000
      },
      "f1_pos": {
        "mean": 0.5743974472886858,
        "median": 0.574162802112867,
        "ci95": [
          0.5254396629831259,
          0.6236608464042616
        ],
        "n_boot": 2000
      },
      "f1_macro": {
        "mean": 0.5687082300297568,
        "median": 0.569033894827168,
        "ci95": [
          0.5269804868370289,
          0.611825925362259
        ],
        "n_boot": 2000
      },
      "f1_micro": {
        "mean": 0.5692702702702702,
        "median": 0.5694980694980695,
        "ci95": [
          0.527027027027027,
          0.6120173745173743
        ],
        "n_boot": 2000
      }
    },
    "@tau_boot": {
      "precision_at_t": {
        "mean": 0.8156971939305933,
        "median": 0.8162162162162162,
        "ci95": [
          0.7567531817531818,
          0.8728347651135311
        ],
        "n_boot": 2000
      },
      "recall_at_t": {
        "mean": 0.4438112926309468,
        "median": 0.44375949848024315,
        "ci95": [
          0.3926527366325093,
          0.49589531680440757
        ],
        "n_boot": 2000
      },
      "f1_at_t": {
        "mean": 0.5743974472886858,
        "median": 0.574162802112867,