{
  "clip_metrics": {
    "samples": 46001,
    "accuracy": 0.5674659246538118,
    "precision": 0.6788424854904825,
    "recall": 0.582584465343086,
    "f1": 0.6270408067630133,
    "f1_macro": 0.5561406398443944,
    "f1_micro": 0.5674659246538118,
    "confusion_matrix": [
      [
        9378,
        7913
      ],
      [
        11984,
        16726
      ]
    ],
    "roc_auc": 0.5841750522803453,
    "pr_auc": 0.6807497360449005,
    "@tau": {
      "threshold": 0.49999999999999994,
      "TP": 16726,
      "TN": 9378,
      "FP": 7913,
      "FN": 11984,
      "accuracy": 0.5674659246538118,
      "precision": 0.6788424854904825,
      "recall": 0.582584465343086,
      "youden": 0.12494754440155575,
      "f1_pos": 0.6270408067630133,
      "f1_macro": 0.5561406398443944,
      "f1_micro": 0.5674659246538118,
      "confusion_matrix": [
        [
          9378,
          7913
        ],
        [
          11984,
          16726
        ]
      ]
    },
    "discrete_from_tau": {
      "accuracy": 0.5674659246538118,
      "precision": 0.6788424854904825,
      "recall": 0.582584465343086,
      "youden": 0.12494754440155575,
      "f1_pos": 0.6270408067630133,
      "f1_macro": 0.5561406398443944,
      "f1_micro": 0.5674659246538118
    },
    "roc_auc_boot": {
      "auc": 0.5842259297556935,
      "ci95": [
        0.5791413018625334,
        0.589839497589487
      ],
      "mean": 0.5842259297556935,
      "median": 0.5841598803657078,
      "n_boot": 2000
    },
    "pr_auc_boot": {
      "ap": 0.680787828152316,
      "ci95": [
        0.6761105696369059,
        0.685435779576892
      ],
      "mean": 0.680787828152316,
      "median": 0.6807222558794245,
      "n_boot": 2000
    },
    "discrete_boot": {
      "accuracy": {
        "mean": 0.5675643790352383,
        "median": 0.5674876633116671,
        "ci95": [
          0.5630747157670486,
          0.5720745201191278
        ],
        "n_boot": 2000
      },
      "precision": {
        "mean": 0.6788857989254736,
        "median": 0.6789428779699977,
        "ci95": [
          0.6733648480695693,
          0.6847420391157765
        ],
        "n_boot": 2000
      },
      "recall": {
        "mean": 0.5826699392828318,
        "median": 0.5827526107023255,
        "ci95": [
          0.576622807279494,
          0.5884033189982874
        ],
        "n_boot": 2000
      },
      "youden": {
        "mean": 0.12515863385920784,
        "median": 0.12506856978820075,
        "ci95": [
          0.11585624817870344,
          0.13471872991197312
        ],
        "n_boot": 2000
      },
      "f1_pos": {
        "mean": 0.6271044537766536,
        "median": 0.6271351143172973,
        "ci95": [
          0.6223233210385078,
          0.6319258035256701
        ],
        "n_boot": 2000
      },
      "f1_macro": {
        "mean": 0.5562440930518158,
        "median": 0.5562207624060566,
        "ci95": [
          0.5516158370120917,
          0.5608620894299073
        ],
        "n_boot": 2000
      },
      "f1_micro": {
        "mean": 0.5675643790352383,
        "median": 0.5674876633116671,
        "ci95": [
          0.5630747157670486,
          0.5720745201191278
        ],
        "n_boot": 2000
      }
    },
    "@tau_boot": {
      "precision_at_t": {
        "mean": 0.6788857989254736,
        "median": 0.6789428779699977,
        "ci95": [
          0.6733648480695693,
          0.6847420391157765
        ],
        "n_boot": 2000
      },
      "recall_at_t": {
        "mean": 0.5826699392828318,
        "median": 0.5827526107023255,
        "ci95": [
          0.576622807279494,
          0.5884033189982874
        ],
        "n_boot": 2000
      },
      "f1_at_t": {
        "mean": 0.6271044537766536,
        "median": 0.6271351143172973,
        "ci95": [
          0.6223233210385078,
          0.6319258035256701
        ],
        "n_boot": 2000
      }
    }
  },
  "per_tech_clip_acc": {
    "Celeb-synthesis": {
      "accuracy": 0.582584465343086,
      "clips": 28710
    },
    "REAL": {
      "accuracy": 0.5423630790584697,
      "clips": 17291
    }
  },
  "video_metrics_at_t": {
    "t_video": 0.7928193637302944,
    "samples": 518,
    "accuracy": 0.61003861003861,
    "precision": 0.7804878048780488,
    "recall": 0.5647058823529412,
    "f1": 0.6552901023890785,
    "f1_macro": 0.6032006067500948,
    "f1_micro": 0.61003861003861,
    "confusion_matrix": [
      [
        124,
        54
      ],
      [
        148,
        192
      ]
    ],
    "roc_auc": 0.6476040978189028,
    "pr_auc": 0.7622559809335441,
    "@tau": {
      "threshold": 0.7928193637302944,
      "TP": 192,
      "TN": 124,
      "FP": 54,
      "FN": 148,
      "accuracy": 0.61003861003861,
      "precision": 0.7804878048780488,
      "recall": 0.5647058823529412,
      "youden": 0.2613350958360872,
      "f1_pos": 0.6552901023890785,
      "f1_macro": 0.6032006067500948,
      "f1_micro": 0.61003861003861,
      "confusion_matrix": [
        [
          124,
          54
        ],
        [
          148,
          192
        ]
      ]
    },
    "discrete_from_tau": {
      "accuracy": 0.61003861003861,
      "precision": 0.7804878048780488,
      "recall": 0.5647058823529412,
      "youden": 0.2613350958360872,
      "f1_pos": 0.6552901023890785,
      "f1_macro": 0.6032006067500948,
      "f1_micro": 0.61003861003861
    },
    "roc_auc_boot": {
      "auc": 0.6465244751428685,
      "ci95": [
        0.5973553263446405,
        0.6956294707067889
      ],
      "mean": 0.6465244751428685,
      "median": 0.6467112080602395,
      "n_boot": 2000
    },
    "pr_auc_boot": {
      "ap": 0.7646276593162782,
      "ci95": [
        0.7230047722801453,
        0.806615523029784
      ],
      "mean": 0.7646276593162782,
      "median": 0.7644145553949719,
      "n_boot": 2000
    },
    "discrete_boot": {
      "accuracy": {
        "mean": 0.6093571428571429,
        "median": 0.6081081081081081,
        "ci95": [
          0.5675675675675675,
          0.6525096525096525
        ],
        "n_boot": 2000
      },
      "precision": {
        "mean": 0.7794364624495662,
        "median": 0.779467680608365,
        "ci95": [
          0.7264518576616822,
          0.8299615144580819
        ],
        "n_boot": 2000
      },
      "recall": {
        "mean": 0.5642506580050313,
        "median": 0.5644171779141104,
        "ci95": [
          0.5123419150858176,
          0.6153846153846154
        ],
        "n_boot": 2000
      },
      "youden": {
        "mean": 0.25970622561309176,
        "median": 0.2598323586230328,
        "ci95": [
          0.176437064801202,
          0.34701613155057576
        ],
        "n_boot": 2000
      },
      "f1_pos": {
        "mean": 0.6542466860593954,
        "median": 0.6542687283848286,
        "ci95": [
          0.6094530235025667,
          0.6979882114529765
        ],
        "n_boot": 2000
      },
      "f1_macro": {
        "mean": 0.602058959568045,
        "median": 0.6022925309941923,
        "ci95": [
          0.5610373078827515,
          0.6457788151877843
        ],
        "n_boot": 2000
      },
      "f1_micro": {
        "mean": 0.6093571428571429,
        "median": 0.6081081081081081,
        "ci95": [
          0.5675675675675675,
          0.6525096525096525
        ],
        "n_boot": 2000
      }
    },
    "@tau_boot": {
      "precision_at_t": {
        "mean": 0.7794364624495662,
        "median": 0.779467680608365,
        "ci95": [
          0.7264518576616822,
          0.8299615144580819
        ],
        "n_boot": 2000
      },
      "recall_at_t": {
        "mean": 0.5642506580050313,
        "median": 0.5644171779141104,
        "ci95": [
          0.5123419150858176,
          0.6153846153846154
        ],
        "n_boot": 2000
      },
      "f1_at_t": {
        "mean": 0.6542466860593954,
        "median": 0.6542687283848286,