{
  "clip_metrics": {
    "samples": 46001,
    "accuracy": 0.5674659246538118,
    "precision": 0.6788424854904825,
    "recall": 0.582584465343086,
    "f1": 0.6270408067630133,
    "f1_macro": 0.5561406398443944,
    "f1_micro": 0.5674659246538118,
    "confusion_matrix": [
      [
        9378,
        7913
      ],
      [
        11984,
        16726
      ]
    ],
    "roc_auc": 0.5841750522803453,
    "pr_auc": 0.6807497360449005,
    "@tau": {
      "threshold": 0.49999999999999994,
      "TP": 16726,
      "TN": 9378,
      "FP": 7913,
      "FN": 11984,
      "accuracy": 0.5674659246538118,
      "precision": 0.6788424854904825,
      "recall": 0.582584465343086,
      "youden": 0.12494754440155575,
      "f1_pos": 0.6270408067630133,
      "f1_macro": 0.5561406398443944,
      "f1_micro": 0.5674659246538118,
      "confusion_matrix": [
        [
          9378,
          7913
        ],
        [
          11984,
          16726
        ]
      ]
    },
    "discrete_from_tau": {
      "accuracy": 0.5674659246538118,
      "precision": 0.6788424854904825,
      "recall": 0.582584465343086,
      "youden": 0.12494754440155575,
      "f1_pos": 0.6270408067630133,
      "f1_macro": 0.5561406398443944,
      "f1_micro": 0.5674659246538118
    },
    "roc_auc_boot": {
      "auc": 0.5842259297556935,
      "ci95": [
        0.5791413018625334,
        0.589839497589487
      ],
      "mean": 0.5842259297556935,
      "median": 0.5841598803657078,
      "n_boot": 2000
    },
    "pr_auc_boot": {
      "ap": 0.680787828152316,
      "ci95": [
        0.6761105696369059,
        0.685435779576892
      ],
      "mean": 0.680787828152316,
      "median": 0.6807222558794245,
      "n_boot": 2000
    },
    "discrete_boot": {
      "accuracy": {
        "mean": 0.5675643790352383,
        "median": 0.5674876633116671,
        "ci95": [
          0.5630747157670486,
          0.5720745201191278
        ],
        "n_boot": 2000
      },
      "precision": {
        "mean": 0.6788857989254736,
        "median": 0.6789428779699977,
        "ci95": [
          0.6733648480695693,
          0.6847420391157765
        ],
        "n_boot": 2000
      },
      "recall": {
        "mean": 0.5826699392828318,
        "median": 0.5827526107023255,
        "ci95": [
          0.576622807279494,
          0.5884033189982874
        ],
        "n_boot": 2000
      },
      "youden": {
        "mean": 0.12515863385920784,
        "median": 0.12506856978820075,
        "ci95": [
          0.11585624817870344,
          0.13471872991197312
        ],
        "n_boot": 2000
      },
      "f1_pos": {
        "mean": 0.6271044537766536,
        "median": 0.6271351143172973,
        "ci95": [
          0.6223233210385078,
          0.6319258035256701
        ],
        "n_boot": 2000
      },
      "f1_macro": {
        "mean": 0.5562440930518158,
        "median": 0.5562207624060566,
        "ci95": [
          0.5516158370120917,
          0.5608620894299073
        ],
        "n_boot": 2000
      },
      "f1_micro": {
        "mean": 0.5675643790352383,
        "median": 0.5674876633116671,
        "ci95": [
          0.5630747157670486,
          0.5720745201191278
        ],
        "n_boot": 2000
      }
    },
    "@tau_boot": {
      "precision_at_t": {
        "mean": 0.6788857989254736,
        "median": 0.6789428779699977,
        "ci95": [
          0.6733648480695693,
          0.6847420391157765
        ],
        "n_boot": 2000
      },
      "recall_at_t": {
        "mean": 0.5826699392828318,
        "median": 0.5827526107023255,
        "ci95": [
          0.576622807279494,
          0.5884033189982874
        ],
        "n_boot": 2000
      },
      "f1_at_t": {
        "mean": 0.6271044537766536,
        "median": 0.6271351143172973,
        "ci95": [
          0.6223233210385078,
          0.6319258035256701
        ],
        "n_boot": 2000
      }
    }
  },
  "per_tech_clip_acc": {
    "Celeb-synthesis": {
      "accuracy": 0.582584465343086,
      "clips": 28710
    },
    "REAL": {
      "accuracy": 0.5423630790584697,
      "clips": 17291
    }
  },
  "video_metrics_at_t": {
    "t_video": 0.5203734040260315,
    "samples": 518,
    "accuracy": 0.6776061776061776,
    "precision": 0.8288973384030418,
    "recall": 0.6411764705882353,
    "f1": 0.7230514096185738,
    "f1_macro": 0.6686850581580167,
    "f1_micro": 0.6776061776061776,
    "confusion_matrix": [
      [
        133,
        45
      ],
      [
        122,
        218
      ]
    ],
    "roc_auc": 0.7296926635822869,
    "pr_auc": 0.8028425149712619,
    "@tau": {
      "threshold": 0.5203734040260315,
      "TP": 218,
      "TN": 133,
      "FP": 45,
      "FN": 122,
      "accuracy": 0.6776061776061776,
      "precision": 0.8288973384030418,
      "recall": 0.6411764705882353,
      "youden": 0.3883674818241904,
      "f1_pos": 0.7230514096185738,
      "f1_macro": 0.6686850581580167,
      "f1_micro": 0.6776061776061776,
      "confusion_matrix": [
        [
          133,
          45
        ],
        [
          122,
          218
        ]
      ]
    },
    "discrete_from_tau": {
      "accuracy": 0.6776061776061776,
      "precision": 0.8288973384030418,
      "recall": 0.6411764705882353,
      "youden": 0.3883674818241904,
      "f1_pos": 0.7230514096185738,
      "f1_macro": 0.6686850581580167,
      "f1_micro": 0.6776061776061776
    },
    "roc_auc_boot": {
      "auc": 0.7297463836545083,
      "ci95": [
        0.6819071906683084,
        0.7761597687816415
      ],
      "mean": 0.7297463836545083,
      "median": 0.7293386420151808,
      "n_boot": 2000
    },
    "pr_auc_boot": {
      "ap": 0.8063806542166299,
      "ci95": [
        0.7623560458577858,
        0.8483437067484282
      ],
      "mean": 0.8063806542166299,
      "median": 0.8067571481732707,
      "n_boot": 2000
    },
    "discrete_boot": {
      "accuracy": {
        "mean": 0.6776833976833977,
        "median": 0.6776061776061776,
        "ci95": [
          0.6389478764478765,
          0.7200772200772201
        ],
        "n_boot": 2000
      },
      "precision": {
        "mean": 0.8289705633239767,
        "median": 0.828996282527881,
        "ci95": [
          0.7820975103127469,
          0.8745631720430107
        ],
        "n_boot": 2000
      },
      "recall": {
        "mean": 0.6409907745801667,
        "median": 0.6408357353830825,
        "ci95": [
          0.5903946293649174,
          0.6929583642204101
        ],
        "n_boot": 2000
      },
      "youden": {
        "mean": 0.3887156204813476,
        "median": 0.3879529417511076,
        "ci95": [
          0.3076491747387605,
          0.4708082934509768
        ],
        "n_boot": 2000
      },
      "f1_pos": {
        "mean": 0.7226280486342678,
        "median": 0.7233333333333334,
        "ci95": [
          0.6805450336700337,
          0.7631171031712828
        ],
        "n_boot": 2000
      },
      "f1_macro": {
        "mean": 0.6683883275613166,
        "median": 0.668247972234473,
        "ci95": [
          0.627549417374359,
          0.7101701068960552
        ],
        "n_boot": 2000
      },
      "f1_micro": {
        "mean": 0.6776833976833977,
        "median": 0.6776061776061776,
        "ci95": [
          0.6389478764478765,
          0.7200772200772201
        ],
        "n_boot": 2000
      }
    },
    "@tau_boot": {
      "precision_at_t": {
        "mean": 0.8289705633239767,
        "median": 0.828996282527881,
        "ci95": [
          0.7820975103127469,
          0.8745631720430107
        ],
        "n_boot": 2000
      },
      "recall_at_t": {
        "mean": 0.6409907745801667,
        "median": 0.6408357353830825,
        "ci95": [
          0.5903946293649174,
          0.6929583642204101
        ],
        "n_boot": 2000
      },
      "f1_at_t": {
        "mean": 0.7226280486342678,
        "median": 0.7233333333333334,