metric,mean,sd,ci95_lo,ci95_hi
auc,0.8805476992143658,0.035851998256751914,0.8283810399159663,0.9375065651260504
ap,0.9860978097913348,0.0049084652332164296,0.9791281492368855,0.9932058985948354
