{
  "config": {
    "per_video": "altfreezing/tests/celebdf/median/per_video.csv",
    "dataset": "celebdf",
    "method": "median",
    "fake_per_real": 9.5,
    "repeats": 5,
    "bootstrap": 2000,
    "seed": 42,
    "outdir": "altfreezing/tests/results_suite/celebdf/median",
    "wandb": false,
    "wandb_project": null,
    "wandb_entity": null
  },
  "counts_available": {
    "real": 178,
    "fake": 340,
    "total": 518
  },
  "repeat_stats": {
    "repeats": 5,
    "auc_mean": 0.8805476992143658,
    "auc_sd": 0.035851998256751914,
    "ap_mean": 0.9860978097913348,
    "ap_sd": 0.0049084652332164296
  },
  "bootstrap_ci": {
    "B": 2000,
    "auc_ci95": [
      0.8283810399159663,
      0.9375065651260504
    ],
    "ap_ci95": [
      0.9791281492368855,
      0.9932058985948354
    ]
  },
  "reference_subset": {
    "n": 300,
    "n_real": 28,
    "n_fake": 272,
    "auc": 0.8872111344537815,
    "ap": 0.9868769580285771,
    "roc": {
      "fpr": [
        0.0,
        0.0,
        0.0,
        0.0,
        0.0,
        0.0,
        0.0,
        0.0,
        0.0,
        0.0,
        0.0,
        0.03571428571428571,
        0.03571428571428571,
        0.03571428571428571,
        0.03571428571428571,
        0.03571428571428571,
        0.03571428571428571,
        0.07142857142857142,
        0.07142857142857142,
        0.10714285714285714,
        0.10714285714285714,
        0.14285714285714285,
        0.14285714285714285,
        0.14285714285714285,
        0.14285714285714285,
        0.14285714285714285,
        0.14285714285714285,
        0.21428571428571427,
        0.21428571428571427,
        0.25,
        0.25,
        0.2857142857142857,
        0.2857142857142857,
        0.4642857142857143,
        0.4642857142857143,
        0.5,
        0.5,
        0.5357142857142857,
        0.5357142857142857,
        0.6071428571428571,
        0.6071428571428571,
        0.6428571428571429,
        0.6428571428571429,
        0.75,
        0.75,
        0.8214285714285714,
        0.8214285714285714,
        0.8571428571428571,
        0.8571428571428571,
        1.0
      ],
      "tpr": [
        0.0,
        0.003676470588235294,
        0.12867647058823528,
        0.13602941176470587,
        0.14338235294117646,
        0.15073529411764705,
        0.2867647058823529,
        0.29411764705882354,
        0.4117647058823529,
        0.41911764705882354,
        0.47058823529411764,
        0.47058823529411764,
        0.5,
        0.5073529411764706,
        0.5919117647058824,
        0.5992647058823529,
        0.6029411764705882,
        0.6029411764705882,
        0.6654411764705882,
        0.6654411764705882,
        0.6801470588235294,
        0.6801470588235294,
        0.75,
        0.7573529411764706,
        0.7720588235294118,
        0.7794117647058824,
        0.8088235294117647,
        0.8088235294117647,
        0.8602941176470589,
        0.8602941176470589,
        0.8860294117647058,
        0.8860294117647058,
        0.8933823529411765,
        0.8933823529411765,
        0.9117647058823529,
        0.9117647058823529,
        0.9338235294117647,
        0.9338235294117647,
        0.9485294117647058,
        0.9485294117647058,
        0.9522058823529411,
        0.9522058823529411,
        0.9742647058823529,
        0.9742647058823529,
        0.9889705882352942,
        0.9889705882352942,
        0.9963235294117647,
        0.9963235294117647,
        1.0,
        1.0
      ]
    },
    "pr": {
      "recall": [
        1.0,
        1.0,
        1.0,
        1.0,
        1.0,
        0.9963235294117647,
        0.9963235294117647,
        0.9926470588235294,
        0.9889705882352942,
        0.9889705882352942,
        0.9889705882352942,
        0.9852941176470589,
        0.9816176470588235,
        0.9779411764705882,
        0.9742647058823529,
        0.9742647058823529,
        0.9742647058823529,
        0.9742647058823529,
        0.9705882352941176,
        0.9669117647058824,
        0.9632352941176471,
        0.9595588235294118,
        0.9558823529411765,
        0.9522058823529411,
        0.9522058823529411,
        0.9485294117647058,
        0.9485294117647058,
        0.9485294117647058,
        0.9448529411764706,
        0.9411764705882353,
        0.9375,
        0.9338235294117647,
        0.9338235294117647,
        0.9301470588235294,
        0.9264705882352942,
        0.9227941176470589,
        0.9191176470588235,
        0.9154411764705882,
        0.9117647058823529,
        0.9117647058823529,
        0.9080882352941176,
        0.9044117647058824,
        0.9007352941176471,
        0.8970588235294118,
        0.8933823529411765,
        0.8933823529411765,
        0.8933823529411765,
        0.8933823529411765,
        0.8933823529411765,
        0.8933823529411765,
        0.8897058823529411,
        0.8860294117647058,
        0.8860294117647058,
        0.8823529411764706,
        0.8786764705882353,
        0.875,
        0.8713235294117647,
        0.8676470588235294,
        0.8639705882352942,
        0.8602941176470589,
        0.8602941176470589,
        0.8566176470588235,
        0.8529411764705882,
        0.8492647058823529,
        0.8455882352941176,
        0.8419117647058824,
        0.8382352941176471,
        0.8345588235294118,
        0.8308823529411765,
        0.8272058823529411,
        0.8235294117647058,
        0.8198529411764706,
        0.8161764705882353,
        0.8125,
        0.8088235294117647,
        0.8088235294117647,
        0.8088235294117647,
        0.8051470588235294,
        0.8014705882352942,
        0.7977941176470589,
        0.7941176470588235,
        0.7904411764705882,
        0.7867647058823529,
        0.7830882352941176,
        0.7794117647058824,
        0.7720588235294118,
        0.7683823529411765,
        0.7647058823529411,
        0.7610294117647058,
        0.7573529411764706,
        0.75,
        0.7463235294117647,
        0.7426470588235294,
        0.7389705882352942,
        0.7352941176470589,
        0.7316176470588235,
        0.7279411764705882,
        0.7242647058823529,
        0.7205882352941176,
        0.7169117647058824,
        0.7132352941176471,
        0.7095588235294118,
        0.7058823529411765,
        0.7022058823529411,
        0.6985294117647058,
        0.6948529411764706,
        0.6911764705882353,
        0.6875,
        0.6838235294117647,
        0.6801470588235294,
        0.6801470588235294,
        0.6764705882352942,
        0.6727941176470589,
        0.6691176470588235,
        0.6654411764705882,
        0.6654411764705882,
        0.6617647058823529,
        0.6580882352941176,
        0.6544117647058824,
        0.6507352941176471,
        0.6470588235294118,
        0.6433823529411765,
        0.6397058823529411,
        0.6360294117647058,
        0.6323529411764706,
        0.6286764705882353,
        0.625,
        0.6213235294117647,
        0.6176470588235294,
        0.6139705882352942,
        0.6102941176470589,
        0.6066176470588235,
        0.6029411764705882,
        0.6029411764705882,
        0.5992647058823529,
        0.5919117647058824,
        0.5882352941176471,
        0.5845588235294118,
        0.5808823529411765,
        0.5772058823529411,
        0.5735294117647058,
        0.5698529411764706,
        0.5661764705882353,
        0.5625,
        0.5588235294117647,
        0.5551470588235294,
        0.5514705882352942,
        0.5477941176470589,
        0.5441176470588235,
        0.5404411764705882,
        0.5367647058823529,
        0.5330882352941176,
        0.5294117647058824,
        0.5257352941176471,
        0.5220588235294118,
        0.5183823529411765,
        0.5147058823529411,
        0.5110294117647058,
        0.5073529411764706,
        0.5,
        0.4963235294117647,
        0.49264705882352944,
        0.4889705882352941,
        0.4852941176470588,
        0.48161764705882354,
