metric,mean,sd,ci95_lo,ci95_hi
auc,0.645125,0.05469175764676238,0.603392421875,0.6810994531249998
ap,0.6239562862614197,0.049136438958785805,0.5785062838809877,0.6566373966056102
