seed,n_pool,n_real,n_fake,threshold,auc_mean,auc_sd,ap_mean,ap_sd,f1_macro@tau_mean,f1_macro@tau_sd,precision_macro@tau_mean,precision_macro@tau_sd,recall_macro@tau_mean,recall_macro@tau_sd
43,518,178,340,0.362,0.8711764705882352,0.031275640373305255,0.9234292741266318,0.023901902877581566,0.7943785336321706,0.028864228720581343,0.7915182956409967,0.026721789093027453,0.7981699346405229,0.032109472670549775
