seed,n_pool,n_real,n_fake,threshold,auc_mean,auc_sd,ap_mean,ap_sd,f1_macro@tau_mean,f1_macro@tau_sd,precision_macro@tau_mean,precision_macro@tau_sd,recall_macro@tau_mean,recall_macro@tau_sd
44,518,178,340,0.362,0.8697268907563025,0.037554679191192146,0.9231660059960435,0.025644028151652527,0.7949210959938677,0.027767939126410016,0.7962717647768789,0.034690122949214315,0.7984873949579832,0.02206595732862692
