seed,n_pool,n_real,n_fake,threshold,auc_mean,auc_sd,ap_mean,ap_sd,f1_macro@tau_mean,f1_macro@tau_sd,precision_macro@tau_mean,precision_macro@tau_sd,recall_macro@tau_mean,recall_macro@tau_sd
45,518,178,340,0.362,0.8663842203548086,0.017876162344601362,0.9213687442390693,0.012101251181823881,0.7946493649205667,0.029559367666463558,0.7933364764189909,0.029077412065446534,0.7985667600373482,0.031927967706748495
