seed,n_pool,n_real,n_fake,threshold,auc_mean,auc_sd,ap_mean,ap_sd,f1_macro@tau_mean,f1_macro@tau_sd,precision_macro@tau_mean,precision_macro@tau_sd,recall_macro@tau_mean,recall_macro@tau_sd
42,518,178,340,0.362,0.867454481792717,0.035059957105991246,0.9204624773226644,0.024542286504889776,0.7938417394411269,0.03745257465011355,0.7940770696008159,0.034545732018575276,0.798328664799253,0.04295715617147025
