seed,n_pool,n_real,n_fake,threshold,auc_mean,auc_sd,ap_mean,ap_sd,f1_macro@tau_mean,f1_macro@tau_sd,precision_macro@tau_mean,precision_macro@tau_sd,recall_macro@tau_mean,recall_macro@tau_sd
46,518,178,340,0.362,0.8649007936507935,0.06181803720201994,0.9191794607240741,0.03650661483417876,0.7942354607446009,0.07051116823917787,0.7911568726256941,0.06814145758011707,0.798408029878618,0.07348436958715807
