metric,mean,sd,ci95_lo,ci95_hi
auc,0.8969270482603816,0.018495175234062987,0.8458245798319328,0.9490579044117646
ap,0.9881030224400739,0.002890940026612338,0.9809379613560072,0.9945597948802816
