seed,n_pool,n_real,n_fake,threshold,auc_mean,auc_sd,ap_mean,ap_sd,f1_macro@tau_mean,f1_macro@tau_sd,precision_macro@tau_mean,precision_macro@tau_sd,recall_macro@tau_mean,recall_macro@tau_sd
42,518,178,340,0.04,0.895438842203548,0.020427754893558626,0.9395928672198204,0.015270010636116643,0.5190946081753065,0.05837439752606071,0.8435746237889095,0.007765155071434957,0.5645238095238095,0.032560968647512616
