seed,n_pool,n_real,n_fake,threshold,auc_mean,auc_sd,ap_mean,ap_sd,f1_macro@tau_mean,f1_macro@tau_sd,precision_macro@tau_mean,precision_macro@tau_sd,recall_macro@tau_mean,recall_macro@tau_sd
45,518,178,340,0.04,0.8960480859010271,0.008724292225196816,0.9398443604068525,0.006817643122045402,0.5210672517200923,0.03374078093357447,0.8435202020202022,0.006134534374226993,0.5647619047619048,0.019710681366698884
