seed,n_pool,n_real,n_fake,threshold,auc_mean,auc_sd,ap_mean,ap_sd,f1_macro@tau_mean,f1_macro@tau_sd,precision_macro@tau_mean,precision_macro@tau_sd,recall_macro@tau_mean,recall_macro@tau_sd
46,518,178,340,0.04,0.8904505135387488,0.05706164682544977,0.937408708337942,0.03117311253007268,0.5192035521175444,0.05789836957716869,0.8436030927835052,0.00852646588946649,0.5646031746031747,0.033613711224179575
