seed,n_pool,n_real,n_fake,threshold,auc_mean,auc_sd,ap_mean,ap_sd,f1_macro@tau_mean,f1_macro@tau_sd,precision_macro@tau_mean,precision_macro@tau_sd,recall_macro@tau_mean,recall_macro@tau_sd
44,518,178,340,0.04,0.8948529411764706,0.02264921007492229,0.9382548803714794,0.01676909684558706,0.5195301912738302,0.05583064232980425,0.8436022428773491,0.00848356578398779,0.5646825396825396,0.03216489544311025
