seed,n_pool,n_real,n_fake,threshold,auc_mean,auc_sd,ap_mean,ap_sd,f1_macro@tau_mean,f1_macro@tau_sd,precision_macro@tau_mean,precision_macro@tau_sd,recall_macro@tau_mean,recall_macro@tau_sd
43,518,178,340,0.04,0.8919654528478059,0.019415001421067345,0.9379314088203131,0.01265549679822666,0.5201035600694736,0.04840044765608006,0.8435597209205457,0.007314900151577314,0.5646825396825397,0.027401073812114388
