metric,mean,sd,ci95_lo,ci95_hi
auc,0.64940625,0.04353184308416871,0.610939921875,0.686397890625
ap,0.6459887581281001,0.04794166279373414,0.6015995576713267,0.6808431284710644
