metric,mean,sd,ci95_lo,ci95_hi
auc,1.0,0.0,0.9999999999999999,1.0
ap,1.0,5.551115123125783e-17,0.9999999999999999,1.0
