seed,n_pool,n_real,n_fake,threshold,auc_mean,auc_sd,ap_mean,ap_sd,f1_macro@tau_mean,f1_macro@tau_sd,precision_macro@tau_mean,precision_macro@tau_sd,recall_macro@tau_mean,recall_macro@tau_sd
43,625,125,500,0.362,0.998,0.004472135954999583,0.9996,0.0008944271909999167,0.9743763879129308,0.008977028534750716,0.9869806833624539,0.01012353253448401,0.9629999999999999,0.00974679434480895
