seed,n_pool,n_real,n_fake,threshold,auc_mean,auc_sd,ap_mean,ap_sd,f1_macro@tau_mean,f1_macro@tau_sd,precision_macro@tau_mean,precision_macro@tau_sd,recall_macro@tau_mean,recall_macro@tau_sd
45,1000,500,500,0.362,0.6672600000000001,0.051589853653601324,0.6710847719990032,0.05606957613244291,0.626004223517835,0.030937641361331213,0.6402527014730887,0.025074889755451645,0.6319999999999999,0.027522717889045756
