metric,mean,sd,ci95_lo,ci95_hi
auc,1.0,0.0,0.9999999999999999,1.0
ap,1.0,1.5700924586837752e-16,0.9999999999999998,1.0
