{
  "config": {
    "per_video": "altfreezing/tests/ffpp/trimmed_mean/per_video.csv",
    "dataset": "ffpp",
    "method": "trimmed_mean",
    "fake_per_real": 4.0,
    "repeats": 5,
    "bootstrap": 2000,
    "seed": 42,
    "outdir": "altfreezing/tests/results_suite/ffpp/trimmed_mean",
    "wandb": false,
    "wandb_project": null,
    "wandb_entity": null
  },
  "counts_available": {
    "real": 500,
    "fake": 500,
    "total": 1000
  },
  "repeat_stats": {
    "repeats": 5,
    "auc_mean": 1.0,
    "auc_sd": 0.0,
    "ap_mean": 1.0,
    "ap_sd": 1.1102230246251565e-16
  },
  "bootstrap_ci": {
    "B": 2000,
    "auc_ci95": [
      0.9996999999999999,
      1.0
    ],
    "ap_ci95": [
      0.9999255567310761,
      1.0
    ]
  },
  "reference_subset": {
    "n": 500,
    "n_real": 100,
    "n_fake": 400,
    "auc": 0.999925,
    "ap": 0.9999813121890546,
    "roc": {
      "fpr": [
        0.0,
        0.0,
        0.0,
        0.0,
        0.0,
        0.0,
        0.0,
        0.0,
        0.0,
        0.0,
        0.0,
        0.0,
        0.0,
        0.0,
        0.0,
        0.0,
        0.0,
        0.0,
        0.0,
        0.0,
        0.0,
        0.0,
        0.0,
        0.0,
        0.0,
        0.0,
        0.0,
        0.0,
        0.0,
        0.0,
        0.0,
        0.0,
        0.0,
        0.0,
        0.0,
        0.0,
        0.0,
        0.0,
        0.0,
        0.0,
        0.0,
        0.0,
        0.0,
        0.0,
        0.0,
        0.0,
        0.0,
        0.0,
        0.0,
        0.0,
        0.0,
        0.0,
        0.0,
        0.0,
        0.0,
        0.0,
        0.0,
        0.0,
        0.0,
        0.0,
        0.0,
        0.0,
        0.0,
        0.0,
        0.0,
        0.0,
        0.0,
        0.0,
        0.0,
        0.0,
        0.0,
        0.0,
        0.0,
        0.0,
        0.0,
        0.0,
        0.0,
        0.0,
        0.0,
        0.0,
        0.0,
        0.0,
        0.0,
        0.0,
        0.01,
        0.01,
        0.02,
        0.02,
        1.0
      ],
      "tpr": [
        0.0,
        0.0025,
        0.0075,
        0.1475,
        0.1525,
        0.165,
        0.18,
        0.1975,
        0.2075,
        0.23,
        0.24,
        0.2575,
        0.2825,
        0.295,
        0.2975,
        0.3175,
        0.32,
        0.3375,
        0.3525,
        0.3675,
        0.435,
        0.44,
        0.45,
        0.4725,
        0.485,
        0.495,
        0.52,
        0.5225,
        0.5375,
        0.545,
        0.5475,
        0.56,
        0.5675,
        0.5725,
        0.6075,
        0.61,
        0.62,
        0.625,
        0.64,
        0.645,
        0.655,
        0.6575,
        0.665,
        0.6675,
        0.6775,
        0.685,
        0.69,
        0.71,
        0.7175,
        0.7225,
        0.73,
        0.7375,
        0.7425,
        0.745,
        0.755,
        0.7575,
        0.7675,
        0.7725,
        0.775,
        0.78,
        0.7975,
        0.8025,
        0.8125,
        0.8175,
        0.825,
        0.835,
        0.84,
        0.845,
        0.8525,
        0.855,
        0.86,
        0.8675,
        0.875,
        0.8875,
        0.895,
        0.905,
        0.91,
        0.9125,
        0.9175,
        0.92,
        0.925,
        0.9275,
        0.9325,
        0.995,
        0.995,
        0.9975,
        0.9975,
        1.0,
        1.0
      ]
    },
    "pr": {
      "recall": [
        1.0,
        1.0,
        1.0,
        1.0,
        1.0,
        1.0,
        1.0,
        1.0,
        1.0,
        1.0,
        1.0,
        1.0,
        1.0,
        1.0,
        1.0,
        1.0,
        1.0,
        1.0,
        1.0,
        1.0,
        1.0,
        1.0,
        1.0,
        1.0,
        1.0,
        1.0,
        1.0,
        1.0,
        1.0,
        1.0,
        1.0,
        1.0,
        1.0,
        1.0,
        1.0,
        1.0,
        1.0,
        1.0,
        1.0,
        1.0,
        1.0,
        1.0,
        1.0,
        1.0,
        1.0,
        1.0,
        1.0,
        1.0,
        1.0,
        1.0,
        1.0,
        1.0,
        1.0,
        1.0,
        1.0,
        1.0,
        1.0,
        1.0,
        1.0,
        1.0,
        1.0,
        1.0,
        1.0,
        1.0,
        1.0,
        1.0,
        1.0,
        1.0,
        1.0,
        1.0,
        1.0,
        1.0,
        1.0,
        1.0,
        1.0,
        1.0,
        1.0,
        1.0,
        1.0,
        1.0,
        1.0,
        1.0,
        1.0,
        1.0,
        1.0,
        1.0,
        1.0,
        1.0,
        1.0,
        1.0,
        1.0,
        1.0,
        1.0,
        1.0,
        1.0,
        1.0,
        1.0,
        1.0,
        1.0,
        0.9975,
        0.9975,
        0.995,
        0.995,
        0.9925,
        0.99,
        0.9875,
        0.985,
        0.9825,
        0.98,
        0.9775,
        0.975,
        0.9725,
        0.97,
        0.9675,
        0.965,
        0.9625,
        0.96,
        0.9575,
        0.955,
        0.9525,
        0.95,
        0.9475,
        0.945,
        0.9425,
        0.94,
        0.9375,
        0.935,
        0.9325,
        0.9275,
        0.925,
        0.92,
        0.9175,
        0.9125,
        0.91,
        0.905,
        0.9025,
        0.9,
        0.8975,
        0.895,
        0.8875,
        0.885,
        0.8825,
        0.88,
        0.8775,
        0.875,
        0.8675,
        0.865,
        0.8625,
        0.86,
        0.855,
        0.8525,
        0.845,
        0.8425,
        0.84,
        0.835,
        0.825,
        0.8225,
        0.82,
        0.8175,
        0.8125,
        0.81,
        0.8075,
        0.805,
        0.8025,
        0.7975,
        0.795,
        0.7925,
        0.79,
        0.7875,
        0.785,
        0.7825,
        0.78,
        0.775,
        0.7725,
        0.7675,
        0.7575,
        0.755,
        0.75,
        0.745,
        0.7425,
        0.7375,
        0.735,
        0.7325,
        0.73,
        0.7225,
        0.7175,
        0.715,
        0.7125,
        0.71,
        0.69,
        0.685,
        0.6775,
        0.6675,
        0.665,
        0.6575,
        0.655,
        0.65,
        0.645,
        0.6425,
        0.64,
        0.6325,
        0.625,
        0.6225,
        0.62,
        0.61,
        0.6075,
        0.5725,
        0.5675,
        0.565,
        0.5625,
        0.56,
        0.5475,
        0.545,
        0.5375,
        0.5225,
        0.52,
        0.495,
        0.485,
        0.4725,
        0.45,
        0.44,
        0.435,
        0.3675,
        0.3525,
        0.345,
        0.3375,
        0.32,
        0.3175,
        0.2975,
        0.295,
        0.2825,
        0.2575,
        0.24,
        0.23,
        0.2075,
        0.1975,
        0.18,
        0.1725,
        0.165,
        0.1525,
        0.1475,
        0.0075,
        0.005,
        0.0025,
        0.0
      ],