metric,mean,sd,ci95_lo,ci95_hi
auc,1.0,0.0,0.9996999999999999,1.0
ap,1.0,1.1102230246251565e-16,0.9999255567310761,1.0
