metric,mean,sd,ci95_lo,ci95_hi
auc,0.895692480359147,0.01710354564348535,0.839673056722689,0.9432805934873949
ap,0.9884165820506258,0.0027385912744128616,0.9810749351461041,0.9938395266925215
