seed,n_pool,n_real,n_fake,threshold,auc_mean,auc_sd,ap_mean,ap_sd,f1_macro@tau_mean,f1_macro@tau_sd,precision_macro@tau_mean,precision_macro@tau_sd,recall_macro@tau_mean,recall_macro@tau_sd
44,1000,500,500,0.04,0.67137,0.042742829808050824,0.6438134203729273,0.048809121310577366,0.4522078373091124,0.037124945937616685,0.7219626076192192,0.046279299828159086,0.5559999999999999,0.021621748310439625
