metric,mean,sd,ci95_lo,ci95_hi
auc,0.665921875,0.04803996393385018,0.626713203125,0.699154453125
ap,0.6564982696874724,0.04315387396904639,0.6106182052726062,0.6917101297330297
