metric,mean,sd,ci95_lo,ci95_hi
auc,0.6583906249999999,0.042473552777544735,0.6187360937499999,0.6942901562499999
ap,0.6493812207971568,0.046160483110956066,0.6017167982799108,0.6803979764119676
