{
  "config": {
    "per_video": "altfreezing/tests/celebdf/topk_median/per_video.csv",
    "dataset": "celebdf",
    "method": "topk_median",
    "fake_per_real": 9.5,
    "repeats": 5,
    "bootstrap": 2000,
    "seed": 42,
    "outdir": "altfreezing/tests/results_suite/celebdf/topk_median",
    "wandb": false,
    "wandb_project": null,
    "wandb_entity": null
  },
  "counts_available": {
    "real": 178,
    "fake": 340,
    "total": 518
  },
  "repeat_stats": {
    "repeats": 5,
    "auc_mean": 0.8976543209876542,
    "auc_sd": 0.015186197160360727,
    "ap_mean": 0.9883972644895918,
    "ap_sd": 0.002978474819604481
  },
  "bootstrap_ci": {
    "B": 2000,
    "auc_ci95": [
      0.8442686449579831,
      0.9477415966386554
    ],
    "ap_ci95": [
      0.9813636933495602,
      0.9944141359204741
    ]
  },
  "reference_subset": {
    "n": 300,
    "n_real": 28,
    "n_fake": 272,
    "auc": 0.9002757352941176,
    "ap": 0.9884470974154702,
    "roc": {
      "fpr": [
        0.0,
        0.0,
        0.0,
        0.0,
        0.0,
        0.0,
        0.0,
        0.0,
        0.0,
        0.0,
        0.0,
        0.0,
        0.0,
        0.0,
        0.0,
        0.0,
        0.0,
        0.0,
        0.0,
        0.0,
        0.0,
        0.0,
        0.0,
        0.0,
        0.0,
        0.0,
        0.0,
        0.0,
        0.0,
        0.0,
        0.0,
        0.0,
        0.0,
        0.03571428571428571,
        0.03571428571428571,
        0.03571428571428571,
        0.03571428571428571,
        0.07142857142857142,
        0.07142857142857142,
        0.07142857142857142,
        0.07142857142857142,
        0.10714285714285714,
        0.10714285714285714,
        0.10714285714285714,
        0.10714285714285714,
        0.10714285714285714,
        0.10714285714285714,
        0.10714285714285714,
        0.14285714285714285,
        0.14285714285714285,
        0.17857142857142858,
        0.17857142857142858,
        0.21428571428571427,
        0.21428571428571427,
        0.25,
        0.25,
        0.2857142857142857,
        0.2857142857142857,
        0.32142857142857145,
        0.32142857142857145,
        0.35714285714285715,
        0.35714285714285715,
        0.39285714285714285,
        0.39285714285714285,
        0.4642857142857143,
        0.5,
        0.5357142857142857,
        0.5357142857142857,
        0.5714285714285714,
        0.5714285714285714,
        0.6071428571428571,
        0.6071428571428571,
        0.6428571428571429,
        0.6428571428571429,
        0.6785714285714286,
        0.6785714285714286,
        0.7142857142857143,
        0.7142857142857143,
        0.8928571428571429,
        0.8928571428571429,
        1.0
      ],
      "tpr": [
        0.0,
        0.003676470588235294,
        0.011029411764705883,
        0.01838235294117647,
        0.029411764705882353,
        0.03676470588235294,
        0.058823529411764705,
        0.0661764705882353,
        0.08823529411764706,
        0.09558823529411764,
        0.09926470588235294,
        0.10661764705882353,
        0.11029411764705882,
        0.125,
        0.12867647058823528,
        0.13602941176470587,
        0.14338235294117646,
        0.15073529411764705,
        0.17647058823529413,
        0.18382352941176472,
        0.22794117647058823,
        0.23529411764705882,
        0.27205882352941174,
        0.27941176470588236,
        0.33088235294117646,
        0.3382352941176471,
        0.34558823529411764,
        0.35294117647058826,
        0.4485294117647059,
        0.45588235294117646,
        0.5,
        0.5073529411764706,
        0.5367647058823529,
        0.5367647058823529,
        0.5551470588235294,
        0.5625,
        0.5845588235294118,
        0.5845588235294118,
        0.5992647058823529,
        0.6066176470588235,
        0.6213235294117647,
        0.6213235294117647,
        0.6286764705882353,
        0.6360294117647058,
        0.6433823529411765,
        0.6507352941176471,
        0.6580882352941176,
        0.7352941176470589,
        0.7352941176470589,
        0.8492647058823529,
        0.8492647058823529,
        0.875,
        0.875,
        0.8823529411764706,
        0.8823529411764706,
        0.8933823529411765,
        0.8933823529411765,
        0.9044117647058824,
        0.9044117647058824,
        0.9080882352941176,
        0.9080882352941176,
        0.9117647058823529,
        0.9117647058823529,
        0.9301470588235294,
        0.9301470588235294,
        0.9338235294117647,
        0.9338235294117647,
        0.9411764705882353,
        0.9411764705882353,
        0.9558823529411765,
        0.9558823529411765,
        0.9595588235294118,
        0.9595588235294118,
        0.9632352941176471,
        0.9632352941176471,
        0.9779411764705882,
        0.9779411764705882,
        0.9963235294117647,
        0.9963235294117647,
        1.0,
        1.0
      ]
    },