metric,mean,sd,ci95_lo,ci95_hi
auc,0.8976543209876542,0.015186197160360727,0.8442686449579831,0.9477415966386554
ap,0.9883972644895918,0.002978474819604481,0.9813636933495602,0.9944141359204741
