{
  "clip_metrics": {
    "samples": 46001,
    "accuracy": 0.5875307058542205,
    "precision": 0.6684662236987818,
    "recall": 0.6727969348659004,
    "f1": 0.6706245877165573,
    "f1_macro": 0.5594953383983414,
    "f1_micro": 0.5875307058542205,
    "confusion_matrix": [
      [
        7711,
        9580
      ],
      [
        9394,
        19316
      ]
    ],
    "roc_auc": 0.5752165892823081,
    "pr_auc": 0.6723557554574617,
    "@tau": {
      "threshold": 0.49999999999999994,
      "TP": 19316,
      "TN": 7711,
      "FP": 9580,
      "FN": 9394,
      "accuracy": 0.5875307058542205,
      "precision": 0.6684662236987818,
      "recall": 0.6727969348659004,
      "youden": 0.11875147769164796,
      "f1_pos": 0.6706245877165573,
      "f1_macro": 0.5594953383983414,
      "f1_micro": 0.5875307058542205,
      "confusion_matrix": [
        [
          7711,
          9580
        ],
        [
          9394,
          19316
        ]
      ]
    },
    "discrete_from_tau": {
      "accuracy": 0.5875307058542205,
      "precision": 0.6684662236987818,
      "recall": 0.6727969348659004,
      "youden": 0.11875147769164796,
      "f1_pos": 0.6706245877165573,
      "f1_macro": 0.5594953383983414,
      "f1_micro": 0.5875307058542205
    },
    "roc_auc_boot": {
      "auc": 0.5752904473997972,
      "ci95": [
        0.5698792250882024,
        0.5805270114930572
      ],
      "mean": 0.5752904473997972,
      "median": 0.5752665299743567,
      "n_boot": 2000
    },
    "pr_auc_boot": {
      "ap": 0.6724623826507165,
      "ci95": [
        0.6679287622882307,
        0.6773537575449793
      ],
      "mean": 0.6724623826507165,
      "median": 0.6723875880972905,
      "n_boot": 2000
    },
    "discrete_boot": {
      "accuracy": {
        "mean": 0.5875779983043846,
        "median": 0.587574183169931,
        "ci95": [
          0.5830090650203257,
          0.591900719549575
        ],
        "n_boot": 2000
      },
      "precision": {
        "mean": 0.6684746918991956,
        "median": 0.6685185506743062,
        "ci95": [
          0.6629885426595789,
          0.6736668469874486
        ],
        "n_boot": 2000
      },
      "recall": {
        "mean": 0.6728121400688021,
        "median": 0.6728567714219458,
        "ci95": [
          0.6672779583681206,
          0.6779807114194623
        ],
        "n_boot": 2000
      },
      "youden": {
        "mean": 0.11889861372687918,
        "median": 0.11894566089050934,
        "ci95": [
          0.11002555818324936,
          0.12778955448772641
        ],
        "n_boot": 2000
      },
      "f1_pos": {
        "mean": 0.6706326296633651,
        "median": 0.6706573344053521,
        "ci95": [
          0.666107475094645,
          0.67491106266123
        ],
        "n_boot": 2000
      },
      "f1_macro": {
        "mean": 0.5595638329020035,
        "median": 0.5595781881930497,
        "ci95": [
          0.5550583959506572,
          0.5640232776861996
        ],
        "n_boot": 2000
      },
      "f1_micro": {
        "mean": 0.5875779983043846,
        "median": 0.587574183169931,
        "ci95": [
          0.5830090650203257,
          0.591900719549575
        ],
        "n_boot": 2000
      }
    },
    "@tau_boot": {
      "precision_at_t": {
        "mean": 0.6684746918991956,
        "median": 0.6685185506743062,
        "ci95": [
          0.6629885426595789,
          0.6736668469874486
        ],
        "n_boot": 2000
      },
      "recall_at_t": {
        "mean": 0.6728121400688021,
        "median": 0.6728567714219458,
        "ci95": [
          0.6672779583681206,
          0.6779807114194623
        ],
        "n_boot": 2000
      },
      "f1_at_t": {
        "mean": 0.6706326296633651,
        "median": 0.6706573344053521,
        "ci95": [
          0.666107475094645,
          0.67491106266123
        ],
        "n_boot": 2000
      }
    }
  },
  "per_tech_clip_acc": {
    "Celeb-synthesis": {
      "accuracy": 0.6727969348659004,
      "clips": 28710
    },
    "REAL": {
      "accuracy": 0.4459545428257475,
      "clips": 17291
    }
  },
  "video_metrics_at_t": {
    "t_video": 0.5549138703861752,
    "samples": 518,
    "accuracy": 0.6872586872586872,
    "precision": 0.8503937007874016,
    "recall": 0.6352941176470588,
    "f1": 0.7272727272727273,
    "f1_macro": 0.6803784450843274,
    "f1_micro": 0.6872586872586872,
    "confusion_matrix": [
      [
        140,
        38
      ],
      [
        124,
        216
      ]
    ],
    "roc_auc": 0.7360707204230006,
    "pr_auc": 0.8219489639432018,
    "@tau": {
      "threshold": 0.5549138703861752,
      "TP": 216,
      "TN": 140,
      "FP": 38,
      "FN": 124,
      "accuracy": 0.6872586872586872,
      "precision": 0.8503937007874016,
      "recall": 0.6352941176470588,
      "youden": 0.4218109715796431,
      "f1_pos": 0.7272727272727273,
      "f1_macro": 0.6803784450843274,
      "f1_micro": 0.6872586872586872,
      "confusion_matrix": [
        [
          140,
          38
        ],
        [
          124,
          216
        ]
      ]
    },
    "discrete_from_tau": {
      "accuracy": 0.6872586872586872,
      "precision": 0.8503937007874016,
      "recall": 0.6352941176470588,
      "youden": 0.4218109715796431,
      "f1_pos": 0.7272727272727273,
      "f1_macro": 0.6803784450843274,
      "f1_micro": 0.6872586872586872
    },
    "roc_auc_boot": {
      "auc": 0.7358781725382122,
      "ci95": [
        0.6893341498704221,
        0.7810746134138207
      ],
      "mean": 0.7358781725382122,
      "median": 0.7362500480645555,
      "n_boot": 2000
    },
    "pr_auc_boot": {
      "ap": 0.8245263870836689,
      "ci95": [
        0.7814250444710763,
        0.8650048195905431
      ],
      "mean": 0.8245263870836689,
      "median": 0.8247568571028628,
      "n_boot": 2000
    },
    "discrete_boot": {
      "accuracy": {
        "mean": 0.687027027027027,
        "median": 0.6872586872586872,
        "ci95": [
          0.6467181467181468,
          0.7277992277992278
        ],
        "n_boot": 2000
      },
      "precision": {
        "mean": 0.8498364358772701,
        "median": 0.8505005487744038,
        "ci95": [
          0.8031301546792817,
          0.8937052064920455
        ],
        "n_boot": 2000
      },
      "recall": {
        "mean": 0.6352527441928507,
        "median": 0.635593220338983,
        "ci95": [
          0.5833333333333334,
          0.6861686746987951
        ],
        "n_boot": 2000
      },
      "youden": {
        "mean": 0.4211515935018685,
        "median": 0.4205606854289745,
        "ci95": [
          0.34212179513916424,
          0.5014002883762199
        ],
        "n_boot": 2000
      },
      "f1_pos": {
        "mean": 0.7267101034788837,
        "median": 0.7266775777414075,
        "ci95": [
          0.6853122529644269,
          0.7662359976792966
        ],
        "n_boot": 2000
      },
      "f1_macro": {
        "mean": 0.6797287971692949,
        "median": 0.6792558426381636,
        "ci95": [
          0.6395596874465294,
          0.7223885993347778
        ],
        "n_boot": 2000
      },
      "f1_micro": {
        "mean": 0.687027027027027,
        "median": 0.6872586872586872,
        "ci95": [
          0.6467181467181468,
          0.7277992277992278
        ],
        "n_boot": 2000
      }
    },
    "@tau_boot": {
      "precision_at_t": {
        "mean": 0.8498364358772701,
        "median": 0.8505005487744038,
        "ci95": [
          0.8031301546792817,
          0.8937052064920455
        ],
        "n_boot": 2000
      },
      "recall_at_t": {
        "mean": 0.6352527441928507,
        "median": 0.635593220338983,
        "ci95": [
          0.5833333333333334,
          0.6861686746987951
        ],
        "n_boot": 2000
      },
      "f1_at_t": {
        "mean": 0.7267101034788837,
        "median": 0.7266775777414075,