{
  "clip_metrics": {
    "samples": 46001,
    "accuracy": 0.5875307058542205,
    "precision": 0.6684662236987818,
    "recall": 0.6727969348659004,
    "f1": 0.6706245877165573,
    "f1_macro": 0.5594953383983414,
    "f1_micro": 0.5875307058542205,
    "confusion_matrix": [
      [
        7711,
        9580
      ],
      [
        9394,
        19316
      ]
    ],
    "roc_auc": 0.5752165892823081,
    "pr_auc": 0.6723557554574617,
    "@tau": {
      "threshold": 0.49999999999999994,
      "TP": 19316,
      "TN": 7711,
      "FP": 9580,
      "FN": 9394,
      "accuracy": 0.5875307058542205,
      "precision": 0.6684662236987818,
      "recall": 0.6727969348659004,
      "youden": 0.11875147769164796,
      "f1_pos": 0.6706245877165573,
      "f1_macro": 0.5594953383983414,
      "f1_micro": 0.5875307058542205,
      "confusion_matrix": [
        [
          7711,
          9580
        ],
        [
          9394,
          19316
        ]
      ]
    },
    "discrete_from_tau": {
      "accuracy": 0.5875307058542205,
      "precision": 0.6684662236987818,
      "recall": 0.6727969348659004,
      "youden": 0.11875147769164796,
      "f1_pos": 0.6706245877165573,
      "f1_macro": 0.5594953383983414,
      "f1_micro": 0.5875307058542205
    },
    "roc_auc_boot": {
      "auc": 0.5752904473997972,
      "ci95": [
        0.5698792250882024,
        0.5805270114930572
      ],
      "mean": 0.5752904473997972,
      "median": 0.5752665299743567,
      "n_boot": 2000
    },
    "pr_auc_boot": {
      "ap": 0.6724623826507165,
      "ci95": [
        0.6679287622882307,
        0.6773537575449793
      ],
      "mean": 0.6724623826507165,
      "median": 0.6723875880972905,
      "n_boot": 2000
    },
    "discrete_boot": {
      "accuracy": {
        "mean": 0.5875779983043846,
        "median": 0.587574183169931,
        "ci95": [
          0.5830090650203257,
          0.591900719549575
        ],
        "n_boot": 2000
      },
      "precision": {
        "mean": 0.6684746918991956,
        "median": 0.6685185506743062,
        "ci95": [
          0.6629885426595789,
          0.6736668469874486
        ],
        "n_boot": 2000
      },
      "recall": {
        "mean": 0.6728121400688021,
        "median": 0.6728567714219458,
        "ci95": [
          0.6672779583681206,
          0.6779807114194623
        ],
        "n_boot": 2000
      },
      "youden": {
        "mean": 0.11889861372687918,
        "median": 0.11894566089050934,
        "ci95": [
          0.11002555818324936,
          0.12778955448772641
        ],
        "n_boot": 2000
      },
      "f1_pos": {
        "mean": 0.6706326296633651,
        "median": 0.6706573344053521,
        "ci95": [
          0.666107475094645,
          0.67491106266123
        ],
        "n_boot": 2000
      },
      "f1_macro": {
        "mean": 0.5595638329020035,
        "median": 0.5595781881930497,
        "ci95": [
          0.5550583959506572,
          0.5640232776861996
        ],
        "n_boot": 2000
      },
      "f1_micro": {
        "mean": 0.5875779983043846,
        "median": 0.587574183169931,
        "ci95": [
          0.5830090650203257,
          0.591900719549575
        ],
        "n_boot": 2000
      }
    },
    "@tau_boot": {
      "precision_at_t": {
        "mean": 0.6684746918991956,
        "median": 0.6685185506743062,
        "ci95": [
          0.6629885426595789,
          0.6736668469874486
        ],
        "n_boot": 2000
      },
      "recall_at_t": {
        "mean": 0.6728121400688021,
        "median": 0.6728567714219458,
        "ci95": [
          0.6672779583681206,
          0.6779807114194623
        ],
        "n_boot": 2000
      },
      "f1_at_t": {
        "mean": 0.6706326296633651,
        "median": 0.6706573344053521,
        "ci95": [
          0.666107475094645,
          0.67491106266123
        ],
        "n_boot": 2000
      }
    }
  },
  "per_tech_clip_acc": {
    "Celeb-synthesis": {
      "accuracy": 0.6727969348659004,
      "clips": 28710
    },
    "REAL": {
      "accuracy": 0.4459545428257475,
      "clips": 17291
    }
  },
  "video_metrics_at_t": {
    "t_video": 0.6856428980827332,
    "samples": 518,
    "accuracy": 0.6891891891891891,
    "precision": 0.780564263322884,
    "recall": 0.7323529411764705,
    "f1": 0.7556904400606981,
    "f1_macro": 0.6643173685714632,
    "f1_micro": 0.6891891891891891,
    "confusion_matrix": [
      [
        108,
        70
      ],
      [
        91,
        249
      ]
    ],
    "roc_auc": 0.7021480502313285,
    "pr_auc": 0.7934501478173568,
    "@tau": {
      "threshold": 0.6856428980827332,
      "TP": 249,
      "TN": 108,
      "FP": 70,
      "FN": 91,
      "accuracy": 0.6891891891891891,
      "precision": 0.780564263322884,
      "recall": 0.7323529411764705,
      "youden": 0.3390945142101784,
      "f1_pos": 0.7556904400606981,
      "f1_macro": 0.6643173685714632,
      "f1_micro": 0.6891891891891891,
      "confusion_matrix": [
        [
          108,
          70
        ],
        [
          91,
          249
        ]
      ]
    },
    "discrete_from_tau": {
      "accuracy": 0.6891891891891891,
      "precision": 0.780564263322884,
      "recall": 0.7323529411764705,
      "youden": 0.3390945142101784,
      "f1_pos": 0.7556904400606981,
      "f1_macro": 0.6643173685714632,
      "f1_micro": 0.6891891891891891
    },
    "roc_auc_boot": {
      "auc": 0.701361888830214,
      "ci95": [
        0.6499028035300273,
        0.7486113442037946
      ],
      "mean": 0.701361888830214,
      "median": 0.7017593558448907,
      "n_boot": 2000
    },
    "pr_auc_boot": {
      "ap": 0.7960217461209277,
      "ci95": [
        0.7537168008180625,
        0.8365038553967458
      ],
      "mean": 0.7960217461209277,
      "median": 0.796930956325744,
      "n_boot": 2000
    },
    "discrete_boot": {
      "accuracy": {
        "mean": 0.6886129343629344,
        "median": 0.6891891891891891,
        "ci95": [
          0.6467181467181468,
          0.7277992277992278
        ],
        "n_boot": 2000
      },
      "precision": {
        "mean": 0.7800713041398778,
        "median": 0.7808641975308642,
        "ci95": [
          0.7318517058067532,
          0.8253035953337159
        ],
        "n_boot": 2000
      },
      "recall": {
        "mean": 0.7317286673107276,
        "median": 0.7317428713645737,
        "ci95": [
          0.6827794561933535,
          0.7798183835261269
        ],
        "n_boot": 2000
      },
      "youden": {
        "mean": 0.33814612440260766,
        "median": 0.3397502791905701,
        "ci95": [
          0.24689214508227503,
          0.4202295113275127
        ],
        "n_boot": 2000
      },
      "f1_pos": {
        "mean": 0.7548364441483111,
        "median": 0.7558229954067055,
        "ci95": [
          0.7160873544417182,
          0.7904226944341406
        ],
        "n_boot": 2000
      },
      "f1_macro": {
        "mean": 0.6633541324720544,
        "median": 0.6637119000469551,
        "ci95": [
          0.6192628344441226,
          0.7049278374726241
        ],
        "n_boot": 2000
      },
      "f1_micro": {
        "mean": 0.6886129343629344,
        "median": 0.6891891891891891,
        "ci95": [
          0.6467181467181468,
          0.7277992277992278
        ],
        "n_boot": 2000
      }
    },
    "@tau_boot": {
      "precision_at_t": {
        "mean": 0.7800713041398778,
        "median": 0.7808641975308642,
        "ci95": [
          0.7318517058067532,
          0.8253035953337159
        ],
        "n_boot": 2000
      },
      "recall_at_t": {
        "mean": 0.7317286673107276,
        "median": 0.7317428713645737,
        "ci95": [
          0.6827794561933535,
          0.7798183835261269
        ],
        "n_boot": 2000
      },
      "f1_at_t": {
        "mean": 0.7548364441483111,
        "median": 0.7558229954067055,