{
  "clip_metrics": {
    "samples": 46001,
    "accuracy": 0.5875307058542205,
    "precision": 0.6684662236987818,
    "recall": 0.6727969348659004,
    "f1": 0.6706245877165573,
    "f1_macro": 0.5594953383983414,
    "f1_micro": 0.5875307058542205,
    "confusion_matrix": [
      [
        7711,
        9580
      ],
      [
        9394,
        19316
      ]
    ],
    "roc_auc": 0.5752165892823081,
    "pr_auc": 0.6723557554574617,
    "@tau": {
      "threshold": 0.49999999999999994,
      "TP": 19316,
      "TN": 7711,
      "FP": 9580,
      "FN": 9394,
      "accuracy": 0.5875307058542205,
      "precision": 0.6684662236987818,
      "recall": 0.6727969348659004,
      "youden": 0.11875147769164796,
      "f1_pos": 0.6706245877165573,
      "f1_macro": 0.5594953383983414,
      "f1_micro": 0.5875307058542205,
      "confusion_matrix": [
        [
          7711,
          9580
        ],
        [
          9394,
          19316
        ]
      ]
    },
    "discrete_from_tau": {
      "accuracy": 0.5875307058542205,
      "precision": 0.6684662236987818,
      "recall": 0.6727969348659004,
      "youden": 0.11875147769164796,
      "f1_pos": 0.6706245877165573,
      "f1_macro": 0.5594953383983414,
      "f1_micro": 0.5875307058542205
    },
    "roc_auc_boot": {
      "auc": 0.5752904473997972,
      "ci95": [
        0.5698792250882024,
        0.5805270114930572
      ],
      "mean": 0.5752904473997972,
      "median": 0.5752665299743567,
      "n_boot": 2000
    },
    "pr_auc_boot": {
      "ap": 0.6724623826507165,
      "ci95": [
        0.6679287622882307,
        0.6773537575449793
      ],
      "mean": 0.6724623826507165,
      "median": 0.6723875880972905,
      "n_boot": 2000
    },
    "discrete_boot": {
      "accuracy": {
        "mean": 0.5875779983043846,
        "median": 0.587574183169931,
        "ci95": [
          0.5830090650203257,
          0.591900719549575
        ],
        "n_boot": 2000
      },
      "precision": {
        "mean": 0.6684746918991956,
        "median": 0.6685185506743062,
        "ci95": [
          0.6629885426595789,
          0.6736668469874486
        ],
        "n_boot": 2000
      },
      "recall": {
        "mean": 0.6728121400688021,
        "median": 0.6728567714219458,
        "ci95": [
          0.6672779583681206,
          0.6779807114194623
        ],
        "n_boot": 2000
      },
      "youden": {
        "mean": 0.11889861372687918,
        "median": 0.11894566089050934,
        "ci95": [
          0.11002555818324936,
          0.12778955448772641
        ],
        "n_boot": 2000
      },
      "f1_pos": {
        "mean": 0.6706326296633651,
        "median": 0.6706573344053521,
        "ci95": [
          0.666107475094645,
          0.67491106266123
        ],
        "n_boot": 2000
      },
      "f1_macro": {
        "mean": 0.5595638329020035,
        "median": 0.5595781881930497,
        "ci95": [
          0.5550583959506572,
          0.5640232776861996
        ],
        "n_boot": 2000
      },
      "f1_micro": {
        "mean": 0.5875779983043846,
        "median": 0.587574183169931,
        "ci95": [
          0.5830090650203257,
          0.591900719549575
        ],
        "n_boot": 2000
      }
    },
    "@tau_boot": {
      "precision_at_t": {
        "mean": 0.6684746918991956,
        "median": 0.6685185506743062,
        "ci95": [
          0.6629885426595789,
          0.6736668469874486
        ],
        "n_boot": 2000
      },
      "recall_at_t": {
        "mean": 0.6728121400688021,
        "median": 0.6728567714219458,
        "ci95": [
          0.6672779583681206,
          0.6779807114194623
        ],
        "n_boot": 2000
      },
      "f1_at_t": {
        "mean": 0.6706326296633651,
        "median": 0.6706573344053521,
        "ci95": [
          0.666107475094645,
          0.67491106266123
        ],
        "n_boot": 2000
      }
    }
  },
  "per_tech_clip_acc": {
    "Celeb-synthesis": {
      "accuracy": 0.6727969348659004,
      "clips": 28710
    },
    "REAL": {
      "accuracy": 0.4459545428257475,
      "clips": 17291
    }
  },
  "video_metrics_at_t": {
    "t_video": 0.5673904092266009,
    "samples": 518,
    "accuracy": 0.666023166023166,
    "precision": 0.8408163265306122,
    "recall": 0.6058823529411764,
    "f1": 0.7042735042735043,
    "f1_macro": 0.6603407432675725,
    "f1_micro": 0.666023166023166,
    "confusion_matrix": [
      [
        139,
        39
      ],
      [
        134,
        206
      ]
    ],
    "roc_auc": 0.7425974884335756,
    "pr_auc": 0.8294634866795991,
    "@tau": {
      "threshold": 0.5673904092266009,
      "TP": 206,
      "TN": 139,
      "FP": 39,
      "FN": 134,
      "accuracy": 0.666023166023166,
      "precision": 0.8408163265306122,
      "recall": 0.6058823529411764,
      "youden": 0.38678122934567083,
      "f1_pos": 0.7042735042735043,
      "f1_macro": 0.6603407432675725,
      "f1_micro": 0.666023166023166,
      "confusion_matrix": [
        [
          139,
          39
        ],
        [
          134,
          206
        ]
      ]
    },
    "discrete_from_tau": {
      "accuracy": 0.666023166023166,
      "precision": 0.8408163265306122,
      "recall": 0.6058823529411764,
      "youden": 0.38678122934567083,
      "f1_pos": 0.7042735042735043,
      "f1_macro": 0.6603407432675725,
      "f1_micro": 0.666023166023166
    },
    "roc_auc_boot": {
      "auc": 0.7422807806712096,
      "ci95": [
        0.696089027995563,
        0.7861925051845526
      ],
      "mean": 0.7422807806712096,
      "median": 0.7426058675961462,
      "n_boot": 2000
    },
    "pr_auc_boot": {
      "ap": 0.8318911845743442,
      "ci95": [
        0.7901849996722571,
        0.8712811259450547
      ],
      "mean": 0.8318911845743442,
      "median": 0.8327683983944192,
      "n_boot": 2000
    },
    "discrete_boot": {
      "accuracy": {
        "mean": 0.6656959459459459,
        "median": 0.666023166023166,
        "ci95": [
          0.6235521235521235,
          0.7066119691119689
        ],
        "n_boot": 2000
      },
      "precision": {
        "mean": 0.8401285065286136,
        "median": 0.8401639344262295,
        "ci95": [
          0.793234794689719,
          0.8869615970225004
        ],
        "n_boot": 2000
      },
      "recall": {
        "mean": 0.6057648635948178,
        "median": 0.6056962595763857,
        "ci95": [
          0.5521080787394993,
          0.6585402365999709
        ],
        "n_boot": 2000
      },
      "youden": {
        "mean": 0.38590567132690434,
        "median": 0.38587725706156184,
        "ci95": [
          0.30557780007061874,
          0.47034852305475505
        ],
        "n_boot": 2000
      },
      "f1_pos": {
        "mean": 0.7035933211890719,
        "median": 0.7042027082106788,
        "ci95": [
          0.6593226600985221,
          0.7450996204933586
        ],
        "n_boot": 2000
      },
      "f1_macro": {
        "mean": 0.6595833078132562,
        "median": 0.6585495211540793,
        "ci95": [
          0.6185973325453611,
          0.7030936543131665
        ],
        "n_boot": 2000
      },
      "f1_micro": {
        "mean": 0.6656959459459459,
        "median": 0.666023166023166,
        "ci95": [
          0.6235521235521235,
          0.7066119691119689
        ],
        "n_boot": 2000
      }
    },
    "@tau_boot": {
      "precision_at_t": {
        "mean": 0.8401285065286136,
        "median": 0.8401639344262295,
        "ci95": [
          0.793234794689719,
          0.8869615970225004
        ],
        "n_boot": 2000
      },
      "recall_at_t": {
        "mean": 0.6057648635948178,
        "median": 0.6056962595763857,
        "ci95": [
          0.5521080787394993,
          0.6585402365999709
        ],
        "n_boot": 2000
      },
      "f1_at_t": {
        "mean": 0.7035933211890719,
        "median": 0.7042027082106788,