{
  "clip_metrics": {
    "samples": 46001,
    "accuracy": 0.5875307058542205,
    "precision": 0.6684662236987818,
    "recall": 0.6727969348659004,
    "f1": 0.6706245877165573,
    "f1_macro": 0.5594953383983414,
    "f1_micro": 0.5875307058542205,
    "confusion_matrix": [
      [
        7711,
        9580
      ],
      [
        9394,
        19316
      ]
    ],
    "roc_auc": 0.5752165892823081,
    "pr_auc": 0.6723557554574617,
    "@tau": {
      "threshold": 0.49999999999999994,
      "TP": 19316,
      "TN": 7711,
      "FP": 9580,
      "FN": 9394,
      "accuracy": 0.5875307058542205,
      "precision": 0.6684662236987818,
      "recall": 0.6727969348659004,
      "youden": 0.11875147769164796,
      "f1_pos": 0.6706245877165573,
      "f1_macro": 0.5594953383983414,
      "f1_micro": 0.5875307058542205,
      "confusion_matrix": [
        [
          7711,
          9580
        ],
        [
          9394,
          19316
        ]
      ]
    },
    "discrete_from_tau": {
      "accuracy": 0.5875307058542205,
      "precision": 0.6684662236987818,
      "recall": 0.6727969348659004,
      "youden": 0.11875147769164796,
      "f1_pos": 0.6706245877165573,
      "f1_macro": 0.5594953383983414,
      "f1_micro": 0.5875307058542205
    },
    "roc_auc_boot": {
      "auc": 0.5752904473997972,
      "ci95": [
        0.5698792250882024,
        0.5805270114930572
      ],
      "mean": 0.5752904473997972,
      "median": 0.5752665299743567,
      "n_boot": 2000
    },
    "pr_auc_boot": {
      "ap": 0.6724623826507165,
      "ci95": [
        0.6679287622882307,
        0.6773537575449793
      ],
      "mean": 0.6724623826507165,
      "median": 0.6723875880972905,
      "n_boot": 2000
    },
    "discrete_boot": {
      "accuracy": {
        "mean": 0.5875779983043846,
        "median": 0.587574183169931,
        "ci95": [
          0.5830090650203257,
          0.591900719549575
        ],
        "n_boot": 2000
      },
      "precision": {
        "mean": 0.6684746918991956,
        "median": 0.6685185506743062,
        "ci95": [
          0.6629885426595789,
          0.6736668469874486
        ],
        "n_boot": 2000
      },
      "recall": {
        "mean": 0.6728121400688021,
        "median": 0.6728567714219458,
        "ci95": [
          0.6672779583681206,
          0.6779807114194623
        ],
        "n_boot": 2000
      },
      "youden": {
        "mean": 0.11889861372687918,
        "median": 0.11894566089050934,
        "ci95": [
          0.11002555818324936,
          0.12778955448772641
        ],
        "n_boot": 2000
      },
      "f1_pos": {
        "mean": 0.6706326296633651,
        "median": 0.6706573344053521,
        "ci95": [
          0.666107475094645,
          0.67491106266123
        ],
        "n_boot": 2000
      },
      "f1_macro": {
        "mean": 0.5595638329020035,
        "median": 0.5595781881930497,
        "ci95": [
          0.5550583959506572,
          0.5640232776861996
        ],
        "n_boot": 2000
      },
      "f1_micro": {
        "mean": 0.5875779983043846,
        "median": 0.587574183169931,
        "ci95": [
          0.5830090650203257,
          0.591900719549575
        ],
        "n_boot": 2000
      }
    },
    "@tau_boot": {
      "precision_at_t": {
        "mean": 0.6684746918991956,
        "median": 0.6685185506743062,
        "ci95": [
          0.6629885426595789,
          0.6736668469874486
        ],
        "n_boot": 2000
      },
      "recall_at_t": {
        "mean": 0.6728121400688021,
        "median": 0.6728567714219458,
        "ci95": [
          0.6672779583681206,
          0.6779807114194623
        ],
        "n_boot": 2000
      },
      "f1_at_t": {
        "mean": 0.6706326296633651,
        "median": 0.6706573344053521,
        "ci95": [
          0.666107475094645,
          0.67491106266123
        ],
        "n_boot": 2000
      }
    }
  },
  "per_tech_clip_acc": {
    "Celeb-synthesis": {
      "accuracy": 0.6727969348659004,
      "clips": 28710
    },
    "REAL": {
      "accuracy": 0.4459545428257475,
      "clips": 17291
    }
  },
  "video_metrics_at_t": {
    "t_video": 0.5673337366405015,
    "samples": 518,
    "accuracy": 0.6756756756756757,
    "precision": 0.8385826771653543,
    "recall": 0.6264705882352941,
    "f1": 0.7171717171717171,
    "f1_macro": 0.6685406097170803,
    "f1_micro": 0.6756756756756757,
    "confusion_matrix": [
      [
        137,
        41
      ],
      [
        127,
        213
      ]
    ],
    "roc_auc": 0.7432914738929279,
    "pr_auc": 0.8283566729273082,
    "@tau": {
      "threshold": 0.5673337366405015,
      "TP": 213,
      "TN": 137,
      "FP": 41,
      "FN": 127,
      "accuracy": 0.6756756756756757,
      "precision": 0.8385826771653543,
      "recall": 0.6264705882352941,
      "youden": 0.3961335095836087,
      "f1_pos": 0.7171717171717171,
      "f1_macro": 0.6685406097170803,
      "f1_micro": 0.6756756756756757,
      "confusion_matrix": [
        [
          137,
          41
        ],
        [
          127,
          213
        ]
      ]
    },
    "discrete_from_tau": {
      "accuracy": 0.6756756756756757,
      "precision": 0.8385826771653543,
      "recall": 0.6264705882352941,
      "youden": 0.3961335095836087,
      "f1_pos": 0.7171717171717171,
      "f1_macro": 0.6685406097170803,
      "f1_micro": 0.6756756756756757
    },
    "roc_auc_boot": {
      "auc": 0.7428748631826795,
      "ci95": [
        0.6970183213539387,
        0.786385126964685
      ],
      "mean": 0.7428748631826795,
      "median": 0.7432614241498258,
      "n_boot": 2000
    },
    "pr_auc_boot": {
      "ap": 0.83080611836037,
      "ci95": [
        0.7886944850944793,
        0.8699266668377489
      ],
      "mean": 0.83080611836037,
      "median": 0.8316051910690172,
      "n_boot": 2000
    },
    "discrete_boot": {
      "accuracy": {
        "mean": 0.6753513513513514,
        "median": 0.6756756756756757,
        "ci95": [
          0.6332046332046332,
          0.7181467181467182
        ],
        "n_boot": 2000
      },
      "precision": {
        "mean": 0.837601058787482,
        "median": 0.8376871127201838,
        "ci95": [
          0.7926829268292683,
          0.8837233426613915
        ],
        "n_boot": 2000
      },
      "recall": {
        "mean": 0.6266963011849752,
        "median": 0.6264705882352941,
        "ci95": [
          0.5730561154794429,
          0.6795260422643737
        ],
        "n_boot": 2000
      },
      "youden": {
        "mean": 0.39495576706514646,
        "median": 0.3949484795174667,
        "ci95": [
          0.3096950379364803,
          0.47903141239675306
        ],
        "n_boot": 2000
      },
      "f1_pos": {
        "mean": 0.7166167456260493,
        "median": 0.7175561530887797,
        "ci95": [
          0.6722654635624742,
          0.7575289343514383
        ],
        "n_boot": 2000
      },
      "f1_macro": {
        "mean": 0.6677452653594771,
        "median": 0.6678012718184677,
        "ci95": [
          0.6255567348299608,
          0.7104815776829845
        ],
        "n_boot": 2000
      },
      "f1_micro": {
        "mean": 0.6753513513513514,
        "median": 0.6756756756756757,
        "ci95": [
          0.6332046332046332,
          0.7181467181467182
        ],
        "n_boot": 2000
      }
    },
    "@tau_boot": {
      "precision_at_t": {
        "mean": 0.837601058787482,
        "median": 0.8376871127201838,
        "ci95": [
          0.7926829268292683,
          0.8837233426613915
        ],
        "n_boot": 2000
      },
      "recall_at_t": {
        "mean": 0.6266963011849752,
        "median": 0.6264705882352941,
        "ci95": [
          0.5730561154794429,
          0.6795260422643737
        ],
        "n_boot": 2000
      },
      "f1_at_t": {
        "mean": 0.7166167456260493,
        "median": 0.7175561530887797,