{
  "clip_metrics": {
    "samples": 46001,
    "accuracy": 0.5875307058542205,
    "precision": 0.6684662236987818,
    "recall": 0.6727969348659004,
    "f1": 0.6706245877165573,
    "f1_macro": 0.5594953383983414,
    "f1_micro": 0.5875307058542205,
    "confusion_matrix": [
      [
        7711,
        9580
      ],
      [
        9394,
        19316
      ]
    ],
    "roc_auc": 0.5752165892823081,
    "pr_auc": 0.6723557554574617,
    "@tau": {
      "threshold": 0.49999999999999994,
      "TP": 19316,
      "TN": 7711,
      "FP": 9580,
      "FN": 9394,
      "accuracy": 0.5875307058542205,
      "precision": 0.6684662236987818,
      "recall": 0.6727969348659004,
      "youden": 0.11875147769164796,
      "f1_pos": 0.6706245877165573,
      "f1_macro": 0.5594953383983414,
      "f1_micro": 0.5875307058542205,
      "confusion_matrix": [
        [
          7711,
          9580
        ],
        [
          9394,
          19316
        ]
      ]
    },
    "discrete_from_tau": {
      "accuracy": 0.5875307058542205,
      "precision": 0.6684662236987818,
      "recall": 0.6727969348659004,
      "youden": 0.11875147769164796,
      "f1_pos": 0.6706245877165573,
      "f1_macro": 0.5594953383983414,
      "f1_micro": 0.5875307058542205
    },
    "roc_auc_boot": {
      "auc": 0.5752904473997972,
      "ci95": [
        0.5698792250882024,
        0.5805270114930572
      ],
      "mean": 0.5752904473997972,
      "median": 0.5752665299743567,
      "n_boot": 2000
    },
    "pr_auc_boot": {
      "ap": 0.6724623826507165,
      "ci95": [
        0.6679287622882307,
        0.6773537575449793
      ],
      "mean": 0.6724623826507165,
      "median": 0.6723875880972905,
      "n_boot": 2000
    },
    "discrete_boot": {
      "accuracy": {
        "mean": 0.5875779983043846,
        "median": 0.587574183169931,
        "ci95": [
          0.5830090650203257,
          0.591900719549575
        ],
        "n_boot": 2000
      },
      "precision": {
        "mean": 0.6684746918991956,
        "median": 0.6685185506743062,
        "ci95": [
          0.6629885426595789,
          0.6736668469874486
        ],
        "n_boot": 2000
      },
      "recall": {
        "mean": 0.6728121400688021,
        "median": 0.6728567714219458,
        "ci95": [
          0.6672779583681206,
          0.6779807114194623
        ],
        "n_boot": 2000
      },
      "youden": {
        "mean": 0.11889861372687918,
        "median": 0.11894566089050934,
        "ci95": [
          0.11002555818324936,
          0.12778955448772641
        ],
        "n_boot": 2000
      },
      "f1_pos": {
        "mean": 0.6706326296633651,
        "median": 0.6706573344053521,
        "ci95": [
          0.666107475094645,
          0.67491106266123
        ],
        "n_boot": 2000
      },
      "f1_macro": {
        "mean": 0.5595638329020035,
        "median": 0.5595781881930497,
        "ci95": [
          0.5550583959506572,
          0.5640232776861996
        ],
        "n_boot": 2000
      },
      "f1_micro": {
        "mean": 0.5875779983043846,
        "median": 0.587574183169931,
        "ci95": [
          0.5830090650203257,
          0.591900719549575
        ],
        "n_boot": 2000
      }
    },
    "@tau_boot": {
      "precision_at_t": {
        "mean": 0.6684746918991956,
        "median": 0.6685185506743062,
        "ci95": [
          0.6629885426595789,
          0.6736668469874486
        ],
        "n_boot": 2000
      },
      "recall_at_t": {
        "mean": 0.6728121400688021,
        "median": 0.6728567714219458,
        "ci95": [
          0.6672779583681206,
          0.6779807114194623
        ],
        "n_boot": 2000
      },
      "f1_at_t": {
        "mean": 0.6706326296633651,
        "median": 0.6706573344053521,
        "ci95": [
          0.666107475094645,
          0.67491106266123
        ],
        "n_boot": 2000
      }
    }
  },
  "per_tech_clip_acc": {
    "Celeb-synthesis": {
      "accuracy": 0.6727969348659004,
      "clips": 28710
    },
    "REAL": {
      "accuracy": 0.4459545428257475,
      "clips": 17291
    }
  },
  "video_metrics_at_t": {
    "t_video": 0.8199298977851868,
    "samples": 518,
    "accuracy": 0.5617760617760618,
    "precision": 0.8087431693989071,
    "recall": 0.43529411764705883,
    "f1": 0.5659655831739961,
    "f1_macro": 0.5617352282341715,
    "f1_micro": 0.5617760617760618,
    "confusion_matrix": [
      [
        143,
        35
      ],
      [
        192,
        148
      ]
    ],
    "roc_auc": 0.6359385327164574,
    "pr_auc": 0.7629690936181244,
    "@tau": {
      "threshold": 0.8199298977851868,
      "TP": 148,
      "TN": 143,
      "FP": 35,
      "FN": 192,
      "accuracy": 0.5617760617760618,
      "precision": 0.8087431693989071,
      "recall": 0.43529411764705883,
      "youden": 0.23866490416391276,
      "f1_pos": 0.5659655831739961,
      "f1_macro": 0.5617352282341715,
      "f1_micro": 0.5617760617760618,
      "confusion_matrix": [
        [
          143,
          35
        ],
        [
          192,
          148
        ]
      ]
    },
    "discrete_from_tau": {
      "accuracy": 0.5617760617760618,
      "precision": 0.8087431693989071,
      "recall": 0.43529411764705883,
      "youden": 0.23866490416391276,
      "f1_pos": 0.5659655831739961,
      "f1_macro": 0.5617352282341715,
      "f1_micro": 0.5617760617760618
    },
    "roc_auc_boot": {
      "auc": 0.6347944562034865,
      "ci95": [
        0.5814604453501699,
        0.6840049731155662
      ],
      "mean": 0.6347944562034865,
      "median": 0.6359172285353183,
      "n_boot": 2000
    },
    "pr_auc_boot": {
      "ap": 0.7650704173267684,
      "ci95": [
        0.7251542070896241,
        0.8052401636295384
      ],
      "mean": 0.7650704173267684,
      "median": 0.7646528099427136,
      "n_boot": 2000
    },
    "discrete_boot": {
      "accuracy": {
        "mean": 0.5611602316602317,
        "median": 0.5598455598455598,
        "ci95": [
          0.5212355212355212,
          0.6042471042471043
        ],
        "n_boot": 2000
      },
      "precision": {
        "mean": 0.8075770226997099,
        "median": 0.8087431693989071,
        "ci95": [
          0.7473071931776047,
          0.8634178620218578
        ],
        "n_boot": 2000
      },
      "recall": {
        "mean": 0.43475679542923823,
        "median": 0.434388666180758,
        "ci95": [
          0.38278071309637873,
          0.4886769810706731
        ],
        "n_boot": 2000
      },
      "youden": {
        "mean": 0.2371699704460537,
        "median": 0.23692914101201032,
        "ci95": [
          0.1598483269735723,
          0.3169841018624052
        ],
        "n_boot": 2000
      },
      "f1_pos": {
        "mean": 0.5647609734428161,
        "median": 0.5645959318306761,
        "ci95": [
          0.5137836968410217,
          0.6148148148148148
        ],
        "n_boot": 2000
      },
      "f1_macro": {
        "mean": 0.5606435366469359,
        "median": 0.5598389982110912,
        "ci95": [
          0.5203433334989761,
          0.6037222660072364
        ],
        "n_boot": 2000
      },
      "f1_micro": {
        "mean": 0.5611602316602317,
        "median": 0.5598455598455598,
        "ci95": [
          0.5212355212355212,
          0.6042471042471043
        ],
        "n_boot": 2000
      }
    },
    "@tau_boot": {
      "precision_at_t": {
        "mean": 0.8075770226997099,
        "median": 0.8087431693989071,
        "ci95": [
          0.7473071931776047,
          0.8634178620218578
        ],
        "n_boot": 2000
      },
      "recall_at_t": {
        "mean": 0.43475679542923823,
        "median": 0.434388666180758,
        "ci95": [
          0.38278071309637873,
          0.4886769810706731
        ],
        "n_boot": 2000
      },
      "f1_at_t": {
        "mean": 0.5647609734428161,
        "median": 0.5645959318306761,