{
  "clip_metrics": {
    "samples": 46001,
    "accuracy": 0.5875307058542205,
    "precision": 0.6684662236987818,
    "recall": 0.6727969348659004,
    "f1": 0.6706245877165573,
    "f1_macro": 0.5594953383983414,
    "f1_micro": 0.5875307058542205,
    "confusion_matrix": [
      [
        7711,
        9580
      ],
      [
        9394,
        19316
      ]
    ],
    "roc_auc": 0.5752165892823081,
    "pr_auc": 0.6723557554574617,
    "@tau": {
      "threshold": 0.49999999999999994,
      "TP": 19316,
      "TN": 7711,
      "FP": 9580,
      "FN": 9394,
      "accuracy": 0.5875307058542205,
      "precision": 0.6684662236987818,
      "recall": 0.6727969348659004,
      "youden": 0.11875147769164796,
      "f1_pos": 0.6706245877165573,
      "f1_macro": 0.5594953383983414,
      "f1_micro": 0.5875307058542205,
      "confusion_matrix": [
        [
          7711,
          9580
        ],
        [
          9394,
          19316
        ]
      ]
    },
    "discrete_from_tau": {
      "accuracy": 0.5875307058542205,
      "precision": 0.6684662236987818,
      "recall": 0.6727969348659004,
      "youden": 0.11875147769164796,
      "f1_pos": 0.6706245877165573,
      "f1_macro": 0.5594953383983414,
      "f1_micro": 0.5875307058542205
    },
    "roc_auc_boot": {
      "auc": 0.5752904473997972,
      "ci95": [
        0.5698792250882024,
        0.5805270114930572
      ],
      "mean": 0.5752904473997972,
      "median": 0.5752665299743567,
      "n_boot": 2000
    },
    "pr_auc_boot": {
      "ap": 0.6724623826507165,
      "ci95": [
        0.6679287622882307,
        0.6773537575449793
      ],
      "mean": 0.6724623826507165,
      "median": 0.6723875880972905,
      "n_boot": 2000
    },
    "discrete_boot": {
      "accuracy": {
        "mean": 0.5875779983043846,
        "median": 0.587574183169931,
        "ci95": [
          0.5830090650203257,
          0.591900719549575
        ],
        "n_boot": 2000
      },
      "precision": {
        "mean": 0.6684746918991956,
        "median": 0.6685185506743062,
        "ci95": [
          0.6629885426595789,
          0.6736668469874486
        ],
        "n_boot": 2000
      },
      "recall": {
        "mean": 0.6728121400688021,
        "median": 0.6728567714219458,
        "ci95": [
          0.6672779583681206,
          0.6779807114194623
        ],
        "n_boot": 2000
      },
      "youden": {
        "mean": 0.11889861372687918,
        "median": 0.11894566089050934,
        "ci95": [
          0.11002555818324936,
          0.12778955448772641
        ],
        "n_boot": 2000
      },
      "f1_pos": {
        "mean": 0.6706326296633651,
        "median": 0.6706573344053521,
        "ci95": [
          0.666107475094645,
          0.67491106266123
        ],
        "n_boot": 2000
      },
      "f1_macro": {
        "mean": 0.5595638329020035,
        "median": 0.5595781881930497,
        "ci95": [
          0.5550583959506572,
          0.5640232776861996
        ],
        "n_boot": 2000
      },
      "f1_micro": {
        "mean": 0.5875779983043846,
        "median": 0.587574183169931,
        "ci95": [
          0.5830090650203257,
          0.591900719549575
        ],
        "n_boot": 2000
      }
    },
    "@tau_boot": {
      "precision_at_t": {
        "mean": 0.6684746918991956,
        "median": 0.6685185506743062,
        "ci95": [
          0.6629885426595789,
          0.6736668469874486
        ],
        "n_boot": 2000
      },
      "recall_at_t": {
        "mean": 0.6728121400688021,
        "median": 0.6728567714219458,
        "ci95": [
          0.6672779583681206,
          0.6779807114194623
        ],
        "n_boot": 2000
      },
      "f1_at_t": {
        "mean": 0.6706326296633651,
        "median": 0.6706573344053521,
        "ci95": [
          0.666107475094645,
          0.67491106266123
        ],
        "n_boot": 2000
      }
    }
  },
  "per_tech_clip_acc": {
    "Celeb-synthesis": {
      "accuracy": 0.6727969348659004,
      "clips": 28710
    },
    "REAL": {
      "accuracy": 0.4459545428257475,
      "clips": 17291
    }
  },
  "video_metrics_at_t": {
    "t_video": 0.8163182437419891,
    "samples": 518,
    "accuracy": 0.5540540540540541,
    "precision": 0.7978142076502732,
    "recall": 0.4294117647058823,
    "f1": 0.5583173996175909,
    "f1_macro": 0.5540125009783861,
    "f1_micro": 0.5540540540540541,
    "confusion_matrix": [
      [
        141,
        37
      ],
      [
        194,
        146
      ]
    ],
    "roc_auc": 0.626305353602115,
    "pr_auc": 0.7573114198953272,
    "@tau": {
      "threshold": 0.8163182437419891,
      "TP": 146,
      "TN": 141,
      "FP": 37,
      "FN": 194,
      "accuracy": 0.5540540540540541,
      "precision": 0.7978142076502732,
      "recall": 0.4294117647058823,
      "youden": 0.22154659616655648,
      "f1_pos": 0.5583173996175909,
      "f1_macro": 0.5540125009783861,
      "f1_micro": 0.5540540540540541,
      "confusion_matrix": [
        [
          141,
          37
        ],
        [
          194,
          146
        ]
      ]
    },
    "discrete_from_tau": {
      "accuracy": 0.5540540540540541,
      "precision": 0.7978142076502732,
      "recall": 0.4294117647058823,
      "youden": 0.22154659616655648,
      "f1_pos": 0.5583173996175909,
      "f1_macro": 0.5540125009783861,
      "f1_micro": 0.5540540540540541
    },
    "roc_auc_boot": {
      "auc": 0.6253039285537662,
      "ci95": [
        0.5720065887360795,
        0.6731229010368629
      ],
      "mean": 0.6253039285537662,
      "median": 0.626345196154048,
      "n_boot": 2000
    },
    "pr_auc_boot": {
      "ap": 0.7587123340635974,
      "ci95": [
        0.7202802517551256,
        0.7963677241345283
      ],
      "mean": 0.7587123340635974,
      "median": 0.7590880541319296,
      "n_boot": 2000
    },
    "discrete_boot": {
      "accuracy": {
        "mean": 0.55307722007722,
        "median": 0.5521235521235521,
        "ci95": [
          0.5115830115830116,
          0.592712355212355
        ],
        "n_boot": 2000
      },
      "precision": {
        "mean": 0.7964196097002683,
        "median": 0.797752808988764,
        "ci95": [
          0.7329461898395722,
          0.8536621024104978
        ],
        "n_boot": 2000
      },
      "recall": {
        "mean": 0.4283140552705035,
        "median": 0.42857142857142855,
        "ci95": [
          0.3753581661891118,
          0.48023526435618513
        ],
        "n_boot": 2000
      },
      "youden": {
        "mean": 0.2195028778163714,
        "median": 0.22010763166476285,
        "ci95": [
          0.13981147430547497,
          0.29701211591793847
        ],
        "n_boot": 2000
      },
      "f1_pos": {
        "mean": 0.5565893946407715,
        "median": 0.5572519083969466,
        "ci95": [
          0.5040642210857592,
          0.6069502177102802
        ],
        "n_boot": 2000
      },
      "f1_macro": {
        "mean": 0.552561106646943,
        "median": 0.5520634541984732,
        "ci95": [
          0.5106138093036721,
          0.5926625745836175
        ],
        "n_boot": 2000
      },
      "f1_micro": {
        "mean": 0.55307722007722,
        "median": 0.5521235521235521,
        "ci95": [
          0.5115830115830116,
          0.592712355212355
        ],
        "n_boot": 2000
      }
    },
    "@tau_boot": {
      "precision_at_t": {
        "mean": 0.7964196097002683,
        "median": 0.797752808988764,
        "ci95": [
          0.7329461898395722,
          0.8536621024104978
        ],
        "n_boot": 2000
      },
      "recall_at_t": {
        "mean": 0.4283140552705035,
        "median": 0.42857142857142855,
        "ci95": [
          0.3753581661891118,
          0.48023526435618513
        ],
        "n_boot": 2000
      },
      "f1_at_t": {
        "mean": 0.5565893946407715,
        "median": 0.5572519083969466,