metric,mean,sd,ci95_lo,ci95_hi
auc,0.646984375,0.05349570797255021,0.60559375,0.683558125
ap,0.6259966278490388,0.05056138543540039,0.5800264288918258,0.6587100662011602
