metric,mean,sd,ci95_lo,ci95_hi
auc,0.6682499999999999,0.0511060108091046,0.629858125,0.7026599218749999
ap,0.6648672218853107,0.04026900837664104,0.6215953433699395,0.7018520682206404
