metric,mean,sd,ci95_lo,ci95_hi
auc,0.8837441077441077,0.03813783524443885,0.8271993172268908,0.9372505252100841
ap,0.9864273639982443,0.005130737865285136,0.9790346737941696,0.9932462833220991
