{
  "config": {
    "per_video": "altfreezing/tests/ffpp/topk/per_video.csv",
    "dataset": "ffpp",
    "method": "topk",
    "fake_per_real": 4.0,
    "repeats": 5,
    "bootstrap": 2000,
    "seed": 42,
    "outdir": "altfreezing/tests/results_suite/ffpp/topk",
    "wandb": false,
    "wandb_project": null,
    "wandb_entity": null
  },
  "counts_available": {
    "real": 500,
    "fake": 500,
    "total": 1000
  },
  "repeat_stats": {
    "repeats": 5,
    "auc_mean": 1.0,
    "auc_sd": 0.0,
    "ap_mean": 1.0,
    "ap_sd": 7.850462293418876e-17
  },
  "bootstrap_ci": {
    "B": 2000,
    "auc_ci95": [
      0.9999999999999999,
      1.0
    ],
    "ap_ci95": [
      0.9999999999999998,
      1.0
    ]
  },
  "reference_subset": {
    "n": 500,
    "n_real": 100,
    "n_fake": 400,
    "auc": 1.0,
    "ap": 0.9999999999999998,
    "roc": {
      "fpr": [
        0.0,
        0.0,
        0.0,
        0.0,
        0.0,
        0.0,
        0.0,
        0.0,
        0.0,
        0.0,
        0.0,
        0.0,
        0.0,
        0.0,
        0.0,
        0.0,
        0.0,
        0.0,
        0.0,
        0.0,
        0.0,
        0.0,
        0.0,
        0.0,
        0.0,
        0.0,
        0.0,
        0.0,
        0.0,
        1.0
      ],
      "tpr": [
        0.0,
        0.0075,
        0.01,
        0.02,
        0.0275,
        0.4875,
        0.5075,
        0.5375,
        0.615,
        0.6575,
        0.665,
        0.795,
        0.8075,
        0.8225,
        0.8425,
        0.8525,
        0.8575,
        0.8825,
        0.885,
        0.8975,
        0.9075,
        0.91,
        0.9325,
        0.935,
        0.95,
        0.9625,
        0.975,
        0.98,
        1.0,
        1.0
      ]
    },
    "pr": {
      "recall": [
        1.0,
        1.0,
        1.0,
        1.0,
        1.0,
        1.0,
        1.0,
        1.0,
        1.0,
        1.0,
        1.0,
        1.0,
        1.0,
        1.0,
        1.0,
        1.0,
        1.0,
        1.0,
        1.0,
        1.0,
        1.0,
        1.0,
        1.0,
        1.0,
        1.0,
        1.0,
        1.0,
        1.0,
        1.0,
        1.0,
        1.0,
        1.0,
        1.0,
        1.0,
        1.0,
        1.0,
        1.0,
        1.0,
        1.0,
        1.0,
        1.0,
        1.0,
        1.0,
        1.0,
        1.0,
        1.0,
        1.0,
        1.0,
        1.0,
        1.0,
        1.0,
        1.0,
        1.0,
        1.0,
        1.0,
        1.0,
        1.0,
        1.0,
        1.0,
        1.0,
        1.0,
        1.0,
        1.0,
        1.0,
        1.0,
        1.0,
        1.0,
        1.0,
        1.0,
        1.0,
        1.0,
        1.0,
        1.0,
        1.0,
        1.0,
        1.0,
        1.0,
        1.0,
        1.0,
        1.0,
        1.0,
        1.0,
        1.0,
        1.0,
        1.0,
        1.0,
        1.0,
        1.0,
        1.0,
        1.0,
        1.0,
        1.0,
        1.0,
        1.0,
        1.0,
        1.0,
        1.0,
        1.0,
        1.0,
        1.0,
        1.0,
        0.9975,
        0.995,
        0.9925,
        0.99,
        0.9875,
        0.985,
        0.9825,
        0.98,
        0.975,
        0.9725,
        0.97,
        0.9675,
        0.965,
        0.9625,
        0.95,
        0.945,
        0.94,
        0.935,
        0.9325,
        0.91,
        0.9075,
        0.8975,
        0.885,
        0.8825,
        0.8575,
        0.8525,
        0.8425,
        0.8225,
        0.8075,
        0.795,
        0.665,
        0.6575,
        0.615,
        0.5375,
        0.5075,
        0.4875,
        0.0275,
        0.02,
        0.015,
        0.01,
        0.0075,
        0.0
      ],
      "precision": [
        0.8,
        0.8016032064128257,
        0.8032128514056225,
        0.8048289738430584,
        0.8064516129032258,
        0.8080808080808081,
        0.8097165991902834,
        0.8113590263691683,
        0.8130081300813008,
        0.814663951120163,
        0.8163265306122449,
        0.8179959100204499,
        0.819672131147541,
        0.8213552361396304,
        0.823045267489712,
        0.8247422680412371,
        0.8264462809917356,
        0.8281573498964804,
        0.8298755186721992,
        0.8316008316008316,
        0.8333333333333334,
        0.8350730688935282,
        0.8368200836820083,
        0.8385744234800838,
        0.8403361344537815,
        0.8421052631578947,
        0.8438818565400844,
        0.8456659619450317,
        0.847457627118644,
        0.8492569002123143,
        0.851063829787234,
        0.8528784648187633,
        0.8547008547008547,
        0.8565310492505354,
        0.8583690987124464,
        0.8602150537634409,
        0.8620689655172413,
        0.8639308855291576,
        0.8658008658008658,
        0.8676789587852495,
        0.8695652173913043,
        0.8714596949891068,
        0.8733624454148472,
        0.87527352297593,
        0.8771929824561403,
        0.8791208791208791,
        0.8810572687224669,
        0.8830022075055187,
        0.8849557522123894,
        0.8869179600886918,
        0.8888888888888888,
        0.89086859688196,
        0.8928571428571429,
        0.8948545861297539,
        0.8968609865470852,
        0.898876404494382,
        0.9009009009009009,
        0.9029345372460497,
        0.9049773755656109,
        0.9070294784580499,
        0.9090909090909091,
        0.9111617312072893,
        0.91324200913242,
        0.9153318077803204,
        0.9174311926605505,
        0.9195402298850575,
        0.9216589861751152,
        0.9237875288683602,
        0.9259259259259259,
        0.9280742459396751,
        0.9302325581395349,
        0.9324009324009324,
        0.9345794392523364,
        0.936768149882904,
        0.9389671361502347,
        0.9411764705882353,
        0.9433962264150944,
        0.9456264775413712,
        0.9478672985781991,
        0.9501187648456056,
        0.9523809523809523,
        0.954653937947494,
        0.9569377990430622,
        0.9592326139088729,
        0.9615384615384616,
        0.963855421686747,
        0.966183574879227,
        0.9685230024213075,
        0.970873786407767,
        0.9732360097323601,
        0.975609756097561,
        0.9779951100244498,
        0.9803921568627451,
        0.9828009828009828,
        0.9852216748768473,
        0.9876543209876543,
        0.9900990099009901,
        0.9925558312655087,
        0.9950248756218906,
        0.9975062344139651,
        1.0,
        1.0,
        1.0,
        1.0,
        1.0,
        1.0,
        1.0,
        1.0,
        1.0,
        1.0,
        1.0,
        1.0,
        1.0,
        1.0,
        1.0,
        1.0,
        1.0,
        1.0,
        1.0,
        1.0,
        1.0,
        1.0,
        1.0,
        1.0,
        1.0,
        1.0,
        1.0,
        1.0,
        1.0,
        1.0,
        1.0,
        1.0,
        1.0,
        1.0,
        1.0,
        1.0,
        1.0,
        1.0,
        1.0,
        1.0,
        1.0,
        1.0,
        1.0
      ]
    }
  },
  "hardware_stats": {
    "fps": {
      "mean": 12.367019,
      "p50": 12.131499999999999,
      "p95": 23.26115
    },
    "latency_ms": {
      "mean": 12804.888988977955,
      "p50": 9556.589,
      "p95": 34282.27745
    },
    "gpu_alloc_mb": {
      "mean": 1657.2281000000003,
      "p50": 1730.9,
      "p95": 1730.9
    },
    "gpu_reserved_mb": {
      "mean": 3531.64,
      "p50": 3430.0,
      "p95": 3430.0
    },
    "cpu_peak_mb": {
      "mean": 3107.9248999999995,
      "p50": 3121.2,
      "p95": 3121.2
    }
  },
  "per_repeat": [
    {
      "repeat": 1,
      "n": 100,
      "n_real": 20,
      "n_fake": 80,
      "auc": 1.0,
      "ap": 0.9999999999999999
    },
    {
      "repeat": 2,
      "n": 100,
      "n_real": 20,
      "n_fake": 80,
      "auc": 1.0,
      "ap": 0.9999999999999999
    },
    {
      "repeat": 3,
      "n": 100,