{
  "config": {
    "per_video": "altfreezing/tests/ffpp/mean/per_video.csv",
    "dataset": "ffpp",
    "method": "mean",
    "fake_per_real": 4.0,
    "repeats": 5,
    "bootstrap": 2000,
    "seed": 42,
    "outdir": "altfreezing/tests/results_suite/ffpp/mean",
    "wandb": false,
    "wandb_project": null,
    "wandb_entity": null
  },
  "counts_available": {
    "real": 500,
    "fake": 500,
    "total": 1000
  },
  "repeat_stats": {
    "repeats": 5,
    "auc_mean": 1.0,
    "auc_sd": 0.0,
    "ap_mean": 1.0,
    "ap_sd": 1.8410966031475738e-16
  },
  "bootstrap_ci": {
    "B": 2000,
    "auc_ci95": [
      0.9994999999999999,
      1.0
    ],
    "ap_ci95": [
      0.9998751273293054,
      1.0
    ]
  },
  "reference_subset": {
    "n": 500,
    "n_real": 100,
    "n_fake": 400,
    "auc": 0.99985,
    "ap": 0.999962546289929,
    "roc": {
      "fpr": [
        0.0,
        0.0,
        0.0,
        0.0,
        0.0,
        0.0,
        0.0,
        0.0,
        0.0,
        0.0,
        0.0,
        0.0,
        0.0,
        0.0,
        0.0,
        0.0,
        0.0,
        0.0,
        0.0,
        0.0,
        0.0,
        0.0,
        0.0,
        0.0,
        0.0,
        0.0,
        0.0,
        0.0,
        0.0,
        0.0,
        0.0,
        0.0,
        0.0,
        0.0,
        0.0,
        0.0,
        0.0,
        0.0,
        0.0,
        0.0,
        0.0,
        0.0,
        0.0,
        0.0,
        0.0,
        0.0,
        0.0,
        0.0,
        0.0,
        0.0,
        0.0,
        0.0,
        0.0,
        0.0,
        0.0,
        0.0,
        0.0,
        0.0,
        0.0,
        0.0,
        0.0,
        0.0,
        0.0,
        0.0,
        0.0,
        0.0,
        0.0,
        0.0,
        0.0,
        0.0,
        0.0,
        0.0,
        0.0,
        0.0,
        0.0,
        0.0,
        0.0,
        0.0,
        0.0,
        0.0,
        0.0,
        0.0,
        0.0,
        0.0,
        0.0,
        0.0,
        0.0,
        0.0,
        0.0,
        0.0,
        0.0,
        0.0,
        0.0,
        0.0,
        0.0,
        0.01,
        0.01,
        0.02,
        0.02,
        1.0
      ],
      "tpr": [
        0.0,
        0.0025,
        0.005,
        0.01,
        0.0125,
        0.05,
        0.0525,
        0.06,
        0.0625,
        0.0675,
        0.08,
        0.0975,
        0.1,
        0.11,
        0.115,
        0.13,
        0.14,
        0.145,
        0.1625,
        0.1675,
        0.18,
        0.1875,
        0.1975,
        0.205,
        0.21,
        0.2225,
        0.2325,
        0.2475,
        0.25,
        0.255,
        0.2575,
        0.2675,
        0.27,
        0.28,
        0.2825,
        0.305,
        0.3125,
        0.32,
        0.3325,
        0.34,
        0.3425,
        0.3625,
        0.365,
        0.3725,
        0.375,
        0.385,
        0.39,
        0.4025,
        0.4075,
        0.4175,
        0.425,
        0.43,
        0.435,
        0.445,
        0.45,
        0.4625,
        0.4725,
        0.495,
        0.5,
        0.505,
        0.515,
        0.5225,
        0.5325,
        0.5375,
        0.5425,
        0.5475,
        0.555,
        0.56,
        0.5675,
        0.58,
        0.585,
        0.5875,
        0.595,
        0.6,
        0.66,
        0.665,
        0.675,
        0.68,
        0.69,
        0.6975,
        0.715,
        0.725,
        0.7275,
        0.7325,
        0.7375,
        0.745,
        0.7825,
        0.7875,
        0.795,
        0.805,
        0.8075,
        0.8125,
        0.8375,
        0.8425,
        0.99,
        0.99,
        0.995,
        0.995,
        1.0,
        1.0
      ]
    },
    "pr": {
      "recall": [
        1.0,
        1.0,
        1.0,
        1.0,
        1.0,
        1.0,
        1.0,
        1.0,
        1.0,
        1.0,
        1.0,
        1.0,
        1.0,
        1.0,
        1.0,
        1.0,
        1.0,
        1.0,
        1.0,
        1.0,
        1.0,
        1.0,
        1.0,
        1.0,
        1.0,
        1.0,
        1.0,
        1.0,
        1.0,
        1.0,
        1.0,
        1.0,
        1.0,
        1.0,
        1.0,
        1.0,
        1.0,
        1.0,
        1.0,
        1.0,
        1.0,
        1.0,
        1.0,
        1.0,
        1.0,
        1.0,
        1.0,
        1.0,
        1.0,
        1.0,
        1.0,
        1.0,
        1.0,
        1.0,
        1.0,
        1.0,
        1.0,
        1.0,
        1.0,
        1.0,
        1.0,
        1.0,
        1.0,
        1.0,
        1.0,
        1.0,
        1.0,
        1.0,
        1.0,
        1.0,
        1.0,
        1.0,
        1.0,
        1.0,
        1.0,
        1.0,
        1.0,
        1.0,
        1.0,
        1.0,
        1.0,
        1.0,
        1.0,
        1.0,
        1.0,
        1.0,
        1.0,
        1.0,
        1.0,
        1.0,
        1.0,
        1.0,
        1.0,
        1.0,
        1.0,
        1.0,
        1.0,
        1.0,
        1.0,
        0.9975,
        0.995,
        0.995,
        0.9925,
        0.99,
        0.99,
        0.9875,
        0.985,
        0.9825,
        0.98,
        0.9775,
        0.975,
        0.9725,
        0.97,
        0.9675,
        0.965,
        0.9625,
        0.96,
        0.9575,
        0.955,
        0.9525,
        0.95,
        0.9475,
        0.945,
        0.9425,
        0.94,
        0.9375,
        0.935,
        0.9325,
        0.93,
        0.9275,
        0.925,
        0.9225,
        0.92,
        0.9175,
        0.915,
        0.9125,
        0.91,
        0.9075,
        0.905,
        0.9025,
        0.9,
        0.8975,
        0.895,
        0.8925,
        0.89,
        0.8875,
        0.885,
        0.8825,
        0.88,
        0.8775,
        0.875,
        0.8725,
        0.87,
        0.8675,
        0.865,
        0.8625,
        0.86,
        0.8575,
        0.855,
        0.8525,
        0.85,
        0.8475,
        0.845,
        0.8425,
        0.8375,
        0.835,
        0.8325,
        0.83,
        0.8275,
        0.825,
        0.8225,
        0.82,
        0.8175,
        0.815,
        0.8125,
        0.8075,
        0.805,
        0.8,
        0.795,
        0.7925,
        0.79,
        0.7875,
        0.7825,
        0.78,
        0.7775,
        0.775,
        0.7725,
        0.77,
        0.7675,
        0.765,
        0.7625,
        0.76,
        0.7575,
        0.755,
        0.7525,
        0.75,
        0.7475,
        0.745,
        0.7375,
        0.735,
        0.7325,
        0.7275,
        0.725,
        0.715,
        0.7125,
        0.71,
        0.7075,
        0.705,
        0.7025,
        0.7,
        0.6975,
        0.69,
        0.6875,
        0.685,
        0.6825,
        0.68,
        0.675,
        0.6725,
        0.67,
        0.6675,
        0.665,
        0.66,
        0.6575,
        0.655,
        0.6525,
        0.65,
        0.6475,
        0.645,
        0.6425,
        0.64,
        0.6375,
        0.635,
        0.6325,
        0.63,
        0.6275,
        0.625,
        0.6225,
        0.62,
        0.6175,
        0.615,
        0.6125,
        0.61,
        0.6075,
        0.605,
        0.6025,
        0.6,
        0.595,
        0.5875,
        0.585,
        0.58,
        0.5775,
        0.575,
        0.5725,
        0.57,
        0.5675,
        0.56,
        0.555,
        0.5475,
        0.5425,
        0.54,
        0.5375,
        0.5325,
        0.5225,
        0.515,
        0.51,
        0.505,
        0.5025,
        0.5,
        0.495,
        0.4925,
        0.49,
        0.4875,
        0.485,
        0.4825,
        0.48,
        0.4775,
        0.475,
        0.4725,
        0.4675,
        0.4625,
        0.46,
        0.4575,
        0.455,
        0.4525,
        0.45,
        0.445,
        0.4425,
        0.44,
        0.4375,
        0.435,
        0.43,
        0.4275,
        0.425,
