metric,mean,sd,ci95_lo,ci95_hi
auc,1.0,0.0,0.9994999999999999,1.0
ap,1.0,1.8410966031475738e-16,0.9998751273293054,1.0
