{
  "clip_metrics": {
    "samples": 41908,
    "accuracy": 0.5126467500238618,
    "precision": 0.5039711818063453,
    "recall": 0.5634978405396225,
    "f1": 0.532074780058651,
    "f1_macro": 0.5118051653728826,
    "f1_micro": 0.5126467500238618,
    "confusion_matrix": [
      [
        9872,
        11429
      ],
      [
        8995,
        11612
      ]
    ],
    "roc_auc": 0.517478337216432,
    "pr_auc": 0.5056202635371475,
    "@tau": {
      "threshold": 0.49999999999999994,
      "TP": 11612,
      "TN": 9872,
      "FP": 11429,
      "FN": 8995,
      "accuracy": 0.5126467500238618,
      "precision": 0.5039711818063453,
      "recall": 0.5634978405396225,
      "youden": 0.02695026061379746,
      "f1_pos": 0.532074780058651,
      "f1_macro": 0.5118051653728826,
      "f1_micro": 0.5126467500238618,
      "confusion_matrix": [
        [
          9872,
          11429
        ],
        [
          8995,
          11612
        ]
      ]
    },
    "discrete_from_tau": {
      "accuracy": 0.5126467500238618,
      "precision": 0.5039711818063453,
      "recall": 0.5634978405396225,
      "youden": 0.02695026061379746,
      "f1_pos": 0.532074780058651,
      "f1_macro": 0.5118051653728826,
      "f1_micro": 0.5126467500238618
    },
    "roc_auc_boot": {
      "auc": 0.5175416277268995,
      "ci95": [
        0.5120286580124676,
        0.5230681458370824
      ],
      "mean": 0.5175416277268995,
      "median": 0.5174951046962744,
      "n_boot": 2000
    },
    "pr_auc_boot": {
      "ap": 0.5057180903300571,
      "ci95": [
        0.5008247146699208,
        0.510857176309649
      ],
      "mean": 0.5057180903300571,
      "median": 0.5056713596952822,
      "n_boot": 2000
    },
    "discrete_boot": {
      "accuracy": {
        "mean": 0.5126809201107188,
        "median": 0.5126467500238618,
        "ci95": [
          0.5077312207693042,
          0.5176100028634151
        ],
        "n_boot": 2000
      },
      "precision": {
        "mean": 0.5039645971111458,
        "median": 0.5039156574172269,
        "ci95": [
          0.49759323726502597,
          0.5103960449769367
        ],
        "n_boot": 2000
      },
      "recall": {
        "mean": 0.5636020894574977,
        "median": 0.5636261818076675,
        "ci95": [
          0.5567954953342762,
          0.5701891313259233
        ],
        "n_boot": 2000
      },
      "youden": {
        "mean": 0.027029935663838846,
        "median": 0.026962427810675482,
        "ci95": [
          0.01731947376245915,
          0.03653623887910389
        ],
        "n_boot": 2000
      },
      "f1_pos": {
        "mean": 0.5321116936432699,
        "median": 0.5321248356438089,
        "ci95": [
          0.5265479958812308,
          0.5377426801521124
        ],
        "n_boot": 2000
      },
      "f1_macro": {
        "mean": 0.5118328250787502,
        "median": 0.5117922845091294,
        "ci95": [
          0.5069189004494337,
          0.5166569309914527
        ],
        "n_boot": 2000
      },
      "f1_micro": {
        "mean": 0.5126809201107188,
        "median": 0.5126467500238618,
        "ci95": [
          0.5077312207693042,
          0.5176100028634151
        ],
        "n_boot": 2000
      }
    },
    "@tau_boot": {
      "precision_at_t": {
        "mean": 0.5039645971111458,
        "median": 0.5039156574172269,
        "ci95": [
          0.49759323726502597,
          0.5103960449769367
        ],
        "n_boot": 2000
      },
      "recall_at_t": {
        "mean": 0.5636020894574977,
        "median": 0.5636261818076675,
        "ci95": [
          0.5567954953342762,
          0.5701891313259233
        ],
        "n_boot": 2000
      },
      "f1_at_t": {
        "mean": 0.5321116936432699,
        "median": 0.5321248356438089,
        "ci95": [
          0.5265479958812308,
          0.5377426801521124
        ],
        "n_boot": 2000
      }
    }
  },
  "per_tech_clip_acc": {
    "deepfakes": {
      "accuracy": 0.5634978405396225,
      "clips": 20607
    },
    "REAL": {
      "accuracy": 0.4634524200741749,
      "clips": 21301
    }
  },
  "video_metrics_at_t": {
    "t_video": 0.597957184841959,
    "samples": 495,
    "accuracy": 0.5434343434343434,
    "precision": 0.6111111111111112,
    "recall": 0.264,
    "f1": 0.3687150837988827,
    "f1_macro": 0.505560073545011,
    "f1_micro": 0.5434343434343434,
    "confusion_matrix": [
      [
        203,
        42
      ],
      [
        184,
        66
      ]
    ],
    "roc_auc": 0.5382204081632653,
    "pr_auc": 0.5639394265507964,
    "@tau": {
      "threshold": 0.597957184841959,
      "TP": 66,
      "TN": 203,
      "FP": 42,
      "FN": 184,
      "accuracy": 0.5434343434343434,
      "precision": 0.6111111111111112,
      "recall": 0.264,
      "youden": 0.09257142857142858,
      "f1_pos": 0.3687150837988827,
      "f1_macro": 0.505560073545011,
      "f1_micro": 0.5434343434343434,
      "confusion_matrix": [
        [
          203,
          42
        ],
        [
          184,
          66
        ]
      ]
    },
    "discrete_from_tau": {
      "accuracy": 0.5434343434343434,
      "precision": 0.6111111111111112,
      "recall": 0.264,
      "youden": 0.09257142857142858,
      "f1_pos": 0.3687150837988827,
      "f1_macro": 0.505560073545011,
      "f1_micro": 0.5434343434343434
    },
    "roc_auc_boot": {
      "auc": 0.5386194396945059,
      "ci95": [
        0.48662550879205163,
        0.5882832662254809
      ],
      "mean": 0.5386194396945059,
      "median": 0.5387269201691183,
      "n_boot": 2000
    },
    "pr_auc_boot": {
      "ap": 0.5675575664088666,
      "ci95": [
        0.5187811511049129,
        0.6168539855989835
      ],
      "mean": 0.5675575664088666,
      "median": 0.5668305977443016,
      "n_boot": 2000
    },
    "discrete_boot": {
      "accuracy": {
        "mean": 0.543780808080808,
        "median": 0.5434343434343434,
        "ci95": [
          0.498989898989899,
          0.5898989898989899
        ],
        "n_boot": 2000
      },
      "precision": {
        "mean": 0.6124448717188098,
        "median": 0.612757919209532,
        "ci95": [
          0.5158627884143349,
          0.7040816326530612
        ],
        "n_boot": 2000
      },
      "recall": {
        "mean": 0.26442063353896583,
        "median": 0.26382978723404255,
        "ci95": [
          0.2101107268098189,
          0.321285140562249
        ],
        "n_boot": 2000
      },
      "youden": {
        "mean": 0.09355169157533644,
        "median": 0.0936270261190896,
        "ci95": [
          0.020308228981815963,
          0.16644979092840062
        ],
        "n_boot": 2000
      },
      "f1_pos": {
        "mean": 0.36871066543477815,
        "median": 0.3691460055096419,
        "ci95": [
          0.3026655859618273,
          0.4336107884888373
        ],
        "n_boot": 2000
      },
      "f1_macro": {
        "mean": 0.5054884491424627,
        "median": 0.5051833754087461,
        "ci95": [
          0.46091839037113197,
          0.5520361990950227
        ],
        "n_boot": 2000
      },
      "f1_micro": {
        "mean": 0.543780808080808,
        "median": 0.5434343434343434,
        "ci95": [
          0.498989898989899,
          0.5898989898989899
        ],
        "n_boot": 2000
      }
    },
    "@tau_boot": {
      "precision_at_t": {
        "mean": 0.6124448717188098,
        "median": 0.612757919209532,
        "ci95": [
          0.5158627884143349,
          0.7040816326530612
        ],
        "n_boot": 2000
      },
      "recall_at_t": {
        "mean": 0.26442063353896583,
        "median": 0.26382978723404255,
        "ci95": [
          0.2101107268098189,
          0.321285140562249
        ],
        "n_boot": 2000
      },
      "f1_at_t": {
        "mean": 0.36871066543477815,
        "median": 0.3691460055096419,