{
  "clip_metrics": {
    "samples": 41908,
    "accuracy": 0.5126467500238618,
    "precision": 0.5039711818063453,
    "recall": 0.5634978405396225,
    "f1": 0.532074780058651,
    "f1_macro": 0.5118051653728826,
    "f1_micro": 0.5126467500238618,
    "confusion_matrix": [
      [
        9872,
        11429
      ],
      [
        8995,
        11612
      ]
    ],
    "roc_auc": 0.517478337216432,
    "pr_auc": 0.5056202635371475,
    "@tau": {
      "threshold": 0.49999999999999994,
      "TP": 11612,
      "TN": 9872,
      "FP": 11429,
      "FN": 8995,
      "accuracy": 0.5126467500238618,
      "precision": 0.5039711818063453,
      "recall": 0.5634978405396225,
      "youden": 0.02695026061379746,
      "f1_pos": 0.532074780058651,
      "f1_macro": 0.5118051653728826,
      "f1_micro": 0.5126467500238618,
      "confusion_matrix": [
        [
          9872,
          11429
        ],
        [
          8995,
          11612
        ]
      ]
    },
    "discrete_from_tau": {
      "accuracy": 0.5126467500238618,
      "precision": 0.5039711818063453,
      "recall": 0.5634978405396225,
      "youden": 0.02695026061379746,
      "f1_pos": 0.532074780058651,
      "f1_macro": 0.5118051653728826,
      "f1_micro": 0.5126467500238618
    },
    "roc_auc_boot": {
      "auc": 0.5175416277268995,
      "ci95": [
        0.5120286580124676,
        0.5230681458370824
      ],
      "mean": 0.5175416277268995,
      "median": 0.5174951046962744,
      "n_boot": 2000
    },
    "pr_auc_boot": {
      "ap": 0.5057180903300571,
      "ci95": [
        0.5008247146699208,
        0.510857176309649
      ],
      "mean": 0.5057180903300571,
      "median": 0.5056713596952822,
      "n_boot": 2000
    },
    "discrete_boot": {
      "accuracy": {
        "mean": 0.5126809201107188,
        "median": 0.5126467500238618,
        "ci95": [
          0.5077312207693042,
          0.5176100028634151
        ],
        "n_boot": 2000
      },
      "precision": {
        "mean": 0.5039645971111458,
        "median": 0.5039156574172269,
        "ci95": [
          0.49759323726502597,
          0.5103960449769367
        ],
        "n_boot": 2000
      },
      "recall": {
        "mean": 0.5636020894574977,
        "median": 0.5636261818076675,
        "ci95": [
          0.5567954953342762,
          0.5701891313259233
        ],
        "n_boot": 2000
      },
      "youden": {
        "mean": 0.027029935663838846,
        "median": 0.026962427810675482,
        "ci95": [
          0.01731947376245915,
          0.03653623887910389
        ],
        "n_boot": 2000
      },
      "f1_pos": {
        "mean": 0.5321116936432699,
        "median": 0.5321248356438089,
        "ci95": [
          0.5265479958812308,
          0.5377426801521124
        ],
        "n_boot": 2000
      },
      "f1_macro": {
        "mean": 0.5118328250787502,
        "median": 0.5117922845091294,
        "ci95": [
          0.5069189004494337,
          0.5166569309914527
        ],
        "n_boot": 2000
      },
      "f1_micro": {
        "mean": 0.5126809201107188,
        "median": 0.5126467500238618,
        "ci95": [
          0.5077312207693042,
          0.5176100028634151
        ],
        "n_boot": 2000
      }
    },
    "@tau_boot": {
      "precision_at_t": {
        "mean": 0.5039645971111458,
        "median": 0.5039156574172269,
        "ci95": [
          0.49759323726502597,
          0.5103960449769367
        ],
        "n_boot": 2000
      },
      "recall_at_t": {
        "mean": 0.5636020894574977,
        "median": 0.5636261818076675,
        "ci95": [
          0.5567954953342762,
          0.5701891313259233
        ],
        "n_boot": 2000
      },
      "f1_at_t": {
        "mean": 0.5321116936432699,
        "median": 0.5321248356438089,
        "ci95": [
          0.5265479958812308,
          0.5377426801521124
        ],
        "n_boot": 2000
      }
    }
  },
  "per_tech_clip_acc": {
    "deepfakes": {
      "accuracy": 0.5634978405396225,
      "clips": 20607
    },
    "REAL": {
      "accuracy": 0.4634524200741749,
      "clips": 21301
    }
  },
  "video_metrics_at_t": {
    "t_video": 0.5980491884823503,
    "samples": 495,
    "accuracy": 0.5454545454545454,
    "precision": 0.6146788990825688,
    "recall": 0.268,
    "f1": 0.3732590529247911,
    "f1_macro": 0.5083410954005889,
    "f1_micro": 0.5454545454545454,
    "confusion_matrix": [
      [
        203,
        42
      ],
      [
        183,
        67
      ]
    ],
    "roc_auc": 0.5429061224489796,
    "pr_auc": 0.5737256959430277,
    "@tau": {
      "threshold": 0.5980491884823503,
      "TP": 67,
      "TN": 203,
      "FP": 42,
      "FN": 183,
      "accuracy": 0.5454545454545454,
      "precision": 0.6146788990825688,
      "recall": 0.268,
      "youden": 0.09657142857142859,
      "f1_pos": 0.3732590529247911,
      "f1_macro": 0.5083410954005889,
      "f1_micro": 0.5454545454545454,
      "confusion_matrix": [
        [
          203,
          42
        ],
        [
          183,
          67
        ]
      ]
    },
    "discrete_from_tau": {
      "accuracy": 0.5454545454545454,
      "precision": 0.6146788990825688,
      "recall": 0.268,
      "youden": 0.09657142857142859,
      "f1_pos": 0.3732590529247911,
      "f1_macro": 0.5083410954005889,
      "f1_micro": 0.5454545454545454
    },
    "roc_auc_boot": {
      "auc": 0.543253126997529,
      "ci95": [
        0.49196583704084074,
        0.5938240950226243
      ],
      "mean": 0.543253126997529,
      "median": 0.5435775045102829,
      "n_boot": 2000
    },
    "pr_auc_boot": {
      "ap": 0.5766693941793747,
      "ci95": [
        0.5284426977243288,
        0.6250599224914349
      ],
      "mean": 0.5766693941793747,
      "median": 0.576142031969876,
      "n_boot": 2000
    },
    "discrete_boot": {
      "accuracy": {
        "mean": 0.5457414141414141,
        "median": 0.5454545454545454,
        "ci95": [
          0.501010101010101,
          0.5899494949494947
        ],
        "n_boot": 2000
      },
      "precision": {
        "mean": 0.6159666972288976,
        "median": 0.6161165223665224,
        "ci95": [
          0.5221238938053098,
          0.7070768662232076
        ],
        "n_boot": 2000
      },
      "recall": {
        "mean": 0.2681001885451177,
        "median": 0.2674897119341564,
        "ci95": [
          0.21644436644436643,
          0.3266951877529253
        ],
        "n_boot": 2000
      },
      "youden": {
        "mean": 0.09742380898062497,
        "median": 0.09817758098545311,
        "ci95": [
          0.025979276104783195,
          0.16843377727588416
        ],
        "n_boot": 2000
      },
      "f1_pos": {
        "mean": 0.37293888289077365,
        "median": 0.3729271644525882,
        "ci95": [
          0.3099394613293798,
          0.4364661917716016
        ],
        "n_boot": 2000
      },
      "f1_macro": {
        "mean": 0.5081240056033102,
        "median": 0.5085527092691162,
        "ci95": [
          0.46485919528470376,
          0.5538270672786018
        ],
        "n_boot": 2000
      },
      "f1_micro": {
        "mean": 0.5457414141414141,
        "median": 0.5454545454545454,
        "ci95": [
          0.501010101010101,
          0.5899494949494947
        ],
        "n_boot": 2000
      }
    },
    "@tau_boot": {
      "precision_at_t": {
        "mean": 0.6159666972288976,
        "median": 0.6161165223665224,
        "ci95": [
          0.5221238938053098,
          0.7070768662232076
        ],
        "n_boot": 2000
      },
      "recall_at_t": {
        "mean": 0.2681001885451177,
        "median": 0.2674897119341564,
        "ci95": [
          0.21644436644436643,
          0.3266951877529253
        ],
        "n_boot": 2000
      },
      "f1_at_t": {
        "mean": 0.37293888289077365,
        "median": 0.3729271644525882,