{
  "clip_metrics": {
    "samples": 41908,
    "accuracy": 0.5126467500238618,
    "precision": 0.5039711818063453,
    "recall": 0.5634978405396225,
    "f1": 0.532074780058651,
    "f1_macro": 0.5118051653728826,
    "f1_micro": 0.5126467500238618,
    "confusion_matrix": [
      [
        9872,
        11429
      ],
      [
        8995,
        11612
      ]
    ],
    "roc_auc": 0.517478337216432,
    "pr_auc": 0.5056202635371475,
    "@tau": {
      "threshold": 0.49999999999999994,
      "TP": 11612,
      "TN": 9872,
      "FP": 11429,
      "FN": 8995,
      "accuracy": 0.5126467500238618,
      "precision": 0.5039711818063453,
      "recall": 0.5634978405396225,
      "youden": 0.02695026061379746,
      "f1_pos": 0.532074780058651,
      "f1_macro": 0.5118051653728826,
      "f1_micro": 0.5126467500238618,
      "confusion_matrix": [
        [
          9872,
          11429
        ],
        [
          8995,
          11612
        ]
      ]
    },
    "discrete_from_tau": {
      "accuracy": 0.5126467500238618,
      "precision": 0.5039711818063453,
      "recall": 0.5634978405396225,
      "youden": 0.02695026061379746,
      "f1_pos": 0.532074780058651,
      "f1_macro": 0.5118051653728826,
      "f1_micro": 0.5126467500238618
    },
    "roc_auc_boot": {
      "auc": 0.5175416277268995,
      "ci95": [
        0.5120286580124676,
        0.5230681458370824
      ],
      "mean": 0.5175416277268995,
      "median": 0.5174951046962744,
      "n_boot": 2000
    },
    "pr_auc_boot": {
      "ap": 0.5057180903300571,
      "ci95": [
        0.5008247146699208,
        0.510857176309649
      ],
      "mean": 0.5057180903300571,
      "median": 0.5056713596952822,
      "n_boot": 2000
    },
    "discrete_boot": {
      "accuracy": {
        "mean": 0.5126809201107188,
        "median": 0.5126467500238618,
        "ci95": [
          0.5077312207693042,
          0.5176100028634151
        ],
        "n_boot": 2000
      },
      "precision": {
        "mean": 0.5039645971111458,
        "median": 0.5039156574172269,
        "ci95": [
          0.49759323726502597,
          0.5103960449769367
        ],
        "n_boot": 2000
      },
      "recall": {
        "mean": 0.5636020894574977,
        "median": 0.5636261818076675,
        "ci95": [
          0.5567954953342762,
          0.5701891313259233
        ],
        "n_boot": 2000
      },
      "youden": {
        "mean": 0.027029935663838846,
        "median": 0.026962427810675482,
        "ci95": [
          0.01731947376245915,
          0.03653623887910389
        ],
        "n_boot": 2000
      },
      "f1_pos": {
        "mean": 0.5321116936432699,
        "median": 0.5321248356438089,
        "ci95": [
          0.5265479958812308,
          0.5377426801521124
        ],
        "n_boot": 2000
      },
      "f1_macro": {
        "mean": 0.5118328250787502,
        "median": 0.5117922845091294,
        "ci95": [
          0.5069189004494337,
          0.5166569309914527
        ],
        "n_boot": 2000
      },
      "f1_micro": {
        "mean": 0.5126809201107188,
        "median": 0.5126467500238618,
        "ci95": [
          0.5077312207693042,
          0.5176100028634151
        ],
        "n_boot": 2000
      }
    },
    "@tau_boot": {
      "precision_at_t": {
        "mean": 0.5039645971111458,
        "median": 0.5039156574172269,
        "ci95": [
          0.49759323726502597,
          0.5103960449769367
        ],
        "n_boot": 2000
      },
      "recall_at_t": {
        "mean": 0.5636020894574977,
        "median": 0.5636261818076675,
        "ci95": [
          0.5567954953342762,
          0.5701891313259233
        ],
        "n_boot": 2000
      },
      "f1_at_t": {
        "mean": 0.5321116936432699,
        "median": 0.5321248356438089,
        "ci95": [
          0.5265479958812308,
          0.5377426801521124
        ],
        "n_boot": 2000
      }
    }
  },
  "per_tech_clip_acc": {
    "deepfakes": {
      "accuracy": 0.5634978405396225,
      "clips": 20607
    },
    "REAL": {
      "accuracy": 0.4634524200741749,
      "clips": 21301
    }
  },
  "video_metrics_at_t": {
    "t_video": 0.5978171229362488,
    "samples": 495,
    "accuracy": 0.5454545454545454,
    "precision": 0.6146788990825688,
    "recall": 0.268,
    "f1": 0.3732590529247911,
    "f1_macro": 0.5083410954005889,
    "f1_micro": 0.5454545454545454,
    "confusion_matrix": [
      [
        203,
        42
      ],
      [
        183,
        67
      ]
    ],
    "roc_auc": 0.5397387755102041,
    "pr_auc": 0.5668672380980792,
    "@tau": {
      "threshold": 0.5978171229362488,
      "TP": 67,
      "TN": 203,
      "FP": 42,
      "FN": 183,
      "accuracy": 0.5454545454545454,
      "precision": 0.6146788990825688,
      "recall": 0.268,
      "youden": 0.09657142857142859,
      "f1_pos": 0.3732590529247911,
      "f1_macro": 0.5083410954005889,
      "f1_micro": 0.5454545454545454,
      "confusion_matrix": [
        [
          203,
          42
        ],
        [
          183,
          67
        ]
      ]
    },
    "discrete_from_tau": {
      "accuracy": 0.5454545454545454,
      "precision": 0.6146788990825688,
      "recall": 0.268,
      "youden": 0.09657142857142859,
      "f1_pos": 0.3732590529247911,
      "f1_macro": 0.5083410954005889,
      "f1_micro": 0.5454545454545454
    },
    "roc_auc_boot": {
      "auc": 0.5401241823012396,
      "ci95": [
        0.48862421743777673,
        0.5895344748634415
      ],
      "mean": 0.5401241823012396,
      "median": 0.5403361171629145,
      "n_boot": 2000
    },
    "pr_auc_boot": {
      "ap": 0.5711991069310696,
      "ci95": [
        0.5235213677030656,
        0.6211794024605308
      ],
      "mean": 0.5711991069310696,
      "median": 0.5708348939927885,
      "n_boot": 2000
    },
    "discrete_boot": {
      "accuracy": {
        "mean": 0.5458454545454544,
        "median": 0.5454545454545454,
        "ci95": [
          0.498989898989899,
          0.591919191919192
        ],
        "n_boot": 2000
      },
      "precision": {
        "mean": 0.6160452066125642,
        "median": 0.616822429906542,
        "ci95": [
          0.5192216981132076,
          0.7070826186392224
        ],
        "n_boot": 2000
      },
      "recall": {
        "mean": 0.2685013358650096,
        "median": 0.26785714285714285,
        "ci95": [
          0.21484375,
          0.3254901960784314
        ],
        "n_boot": 2000
      },
      "youden": {
        "mean": 0.09763239390138026,
        "median": 0.09776518674304074,
        "ci95": [
          0.022676070134195314,
          0.17066247888096617
        ],
        "n_boot": 2000
      },
      "f1_pos": {
        "mean": 0.37333603817997163,
        "median": 0.37362637362637363,
        "ci95": [
          0.30719107088684394,
          0.43687092070545747
        ],
        "n_boot": 2000
      },
      "f1_macro": {
        "mean": 0.5083220993431823,
        "median": 0.5080791053234475,
        "ci95": [
          0.46367664167453737,
          0.5553425698219061
        ],
        "n_boot": 2000
      },
      "f1_micro": {
        "mean": 0.5458454545454544,
        "median": 0.5454545454545454,
        "ci95": [
          0.498989898989899,
          0.591919191919192
        ],
        "n_boot": 2000
      }
    },
    "@tau_boot": {
      "precision_at_t": {
        "mean": 0.6160452066125642,
        "median": 0.616822429906542,
        "ci95": [
          0.5192216981132076,
          0.7070826186392224
        ],
        "n_boot": 2000
      },
      "recall_at_t": {
        "mean": 0.2685013358650096,
        "median": 0.26785714285714285,
        "ci95": [
          0.21484375,
          0.3254901960784314
        ],
        "n_boot": 2000
      },
      "f1_at_t": {
        "mean": 0.37333603817997163,
        "median": 0.37362637362637363,