{
  "clip_metrics": {
    "samples": 41908,
    "accuracy": 0.5126467500238618,
    "precision": 0.5039711818063453,
    "recall": 0.5634978405396225,
    "f1": 0.532074780058651,
    "f1_macro": 0.5118051653728826,
    "f1_micro": 0.5126467500238618,
    "confusion_matrix": [
      [
        9872,
        11429
      ],
      [
        8995,
        11612
      ]
    ],
    "roc_auc": 0.517478337216432,
    "pr_auc": 0.5056202635371475,
    "@tau": {
      "threshold": 0.49999999999999994,
      "TP": 11612,
      "TN": 9872,
      "FP": 11429,
      "FN": 8995,
      "accuracy": 0.5126467500238618,
      "precision": 0.5039711818063453,
      "recall": 0.5634978405396225,
      "youden": 0.02695026061379746,
      "f1_pos": 0.532074780058651,
      "f1_macro": 0.5118051653728826,
      "f1_micro": 0.5126467500238618,
      "confusion_matrix": [
        [
          9872,
          11429
        ],
        [
          8995,
          11612
        ]
      ]
    },
    "discrete_from_tau": {
      "accuracy": 0.5126467500238618,
      "precision": 0.5039711818063453,
      "recall": 0.5634978405396225,
      "youden": 0.02695026061379746,
      "f1_pos": 0.532074780058651,
      "f1_macro": 0.5118051653728826,
      "f1_micro": 0.5126467500238618
    },
    "roc_auc_boot": {
      "auc": 0.5175416277268995,
      "ci95": [
        0.5120286580124676,
        0.5230681458370824
      ],
      "mean": 0.5175416277268995,
      "median": 0.5174951046962744,
      "n_boot": 2000
    },
    "pr_auc_boot": {
      "ap": 0.5057180903300571,
      "ci95": [
        0.5008247146699208,
        0.510857176309649
      ],
      "mean": 0.5057180903300571,
      "median": 0.5056713596952822,
      "n_boot": 2000
    },
    "discrete_boot": {
      "accuracy": {
        "mean": 0.5126809201107188,
        "median": 0.5126467500238618,
        "ci95": [
          0.5077312207693042,
          0.5176100028634151
        ],
        "n_boot": 2000
      },
      "precision": {
        "mean": 0.5039645971111458,
        "median": 0.5039156574172269,
        "ci95": [
          0.49759323726502597,
          0.5103960449769367
        ],
        "n_boot": 2000
      },
      "recall": {
        "mean": 0.5636020894574977,
        "median": 0.5636261818076675,
        "ci95": [
          0.5567954953342762,
          0.5701891313259233
        ],
        "n_boot": 2000
      },
      "youden": {
        "mean": 0.027029935663838846,
        "median": 0.026962427810675482,
        "ci95": [
          0.01731947376245915,
          0.03653623887910389
        ],
        "n_boot": 2000
      },
      "f1_pos": {
        "mean": 0.5321116936432699,
        "median": 0.5321248356438089,
        "ci95": [
          0.5265479958812308,
          0.5377426801521124
        ],
        "n_boot": 2000
      },
      "f1_macro": {
        "mean": 0.5118328250787502,
        "median": 0.5117922845091294,
        "ci95": [
          0.5069189004494337,
          0.5166569309914527
        ],
        "n_boot": 2000
      },
      "f1_micro": {
        "mean": 0.5126809201107188,
        "median": 0.5126467500238618,
        "ci95": [
          0.5077312207693042,
          0.5176100028634151
        ],
        "n_boot": 2000
      }
    },
    "@tau_boot": {
      "precision_at_t": {
        "mean": 0.5039645971111458,
        "median": 0.5039156574172269,
        "ci95": [
          0.49759323726502597,
          0.5103960449769367
        ],
        "n_boot": 2000
      },
      "recall_at_t": {
        "mean": 0.5636020894574977,
        "median": 0.5636261818076675,
        "ci95": [
          0.5567954953342762,
          0.5701891313259233
        ],
        "n_boot": 2000
      },
      "f1_at_t": {
        "mean": 0.5321116936432699,
        "median": 0.5321248356438089,
        "ci95": [
          0.5265479958812308,
          0.5377426801521124
        ],
        "n_boot": 2000
      }
    }
  },
  "per_tech_clip_acc": {
    "deepfakes": {
      "accuracy": 0.5634978405396225,
      "clips": 20607
    },
    "REAL": {
      "accuracy": 0.4634524200741749,
      "clips": 21301
    }
  },
  "video_metrics_at_t": {
    "t_video": 0.7018460869789124,
    "samples": 495,
    "accuracy": 0.5373737373737374,
    "precision": 0.584,
    "recall": 0.292,
    "f1": 0.3893333333333333,
    "f1_macro": 0.5084878048780488,
    "f1_micro": 0.5373737373737374,
    "confusion_matrix": [
      [
        193,
        52
      ],
      [
        177,
        73
      ]
    ],
    "roc_auc": 0.5223183673469388,
    "pr_auc": 0.5590134879876054,
    "@tau": {
      "threshold": 0.7018460869789124,
      "TP": 73,
      "TN": 193,
      "FP": 52,
      "FN": 177,
      "accuracy": 0.5373737373737374,
      "precision": 0.584,
      "recall": 0.292,
      "youden": 0.07975510204081632,
      "f1_pos": 0.3893333333333333,
      "f1_macro": 0.5084878048780488,
      "f1_micro": 0.5373737373737374,
      "confusion_matrix": [
        [
          193,
          52
        ],
        [
          177,
          73
        ]
      ]
    },
    "discrete_from_tau": {
      "accuracy": 0.5373737373737374,
      "precision": 0.584,
      "recall": 0.292,
      "youden": 0.07975510204081632,
      "f1_pos": 0.3893333333333333,
      "f1_macro": 0.5084878048780488,
      "f1_micro": 0.5373737373737374
    },
    "roc_auc_boot": {
      "auc": 0.5227060355516889,
      "ci95": [
        0.47093467260724003,
        0.5741509459401372
      ],
      "mean": 0.5227060355516889,
      "median": 0.5228916675194106,
      "n_boot": 2000
    },
    "pr_auc_boot": {
      "ap": 0.5617232518790277,
      "ci95": [
        0.5154831288003497,
        0.6102987247736635
      ],
      "mean": 0.5617232518790277,
      "median": 0.5616909154128398,
      "n_boot": 2000
    },
    "discrete_boot": {
      "accuracy": {
        "mean": 0.5377646464646465,
        "median": 0.5383838383838384,
        "ci95": [
          0.49292929292929294,
          0.5818181818181818
        ],
        "n_boot": 2000
      },
      "precision": {
        "mean": 0.5852384570208046,
        "median": 0.5853658536585366,
        "ci95": [
          0.5,
          0.6722689075630253
        ],
        "n_boot": 2000
      },
      "recall": {
        "mean": 0.29238494257017045,
        "median": 0.2926829268292683,
        "ci95": [
          0.23627494334199325,
          0.3495980531554194
        ],
        "n_boot": 2000
      },
      "youden": {
        "mean": 0.0807441300365394,
        "median": 0.08117907803501088,
        "ci95": [
          0.004854529723224292,
          0.15877911753899596
        ],
        "n_boot": 2000
      },
      "f1_pos": {
        "mean": 0.389293405283889,
        "median": 0.38926126126126126,
        "ci95": [
          0.326080850024426,
          0.44988735134858354
        ],
        "n_boot": 2000
      },
      "f1_macro": {
        "mean": 0.5084087293744205,
        "median": 0.5085527092691162,
        "ci95": [
          0.46436021053771404,
          0.5536913938193904
        ],
        "n_boot": 2000
      },
      "f1_micro": {
        "mean": 0.5377646464646465,
        "median": 0.5383838383838384,
        "ci95": [
          0.49292929292929294,
          0.5818181818181818
        ],
        "n_boot": 2000
      }
    },
    "@tau_boot": {
      "precision_at_t": {
        "mean": 0.5852384570208046,
        "median": 0.5853658536585366,
        "ci95": [
          0.5,
          0.6722689075630253
        ],
        "n_boot": 2000
      },
      "recall_at_t": {
        "mean": 0.29238494257017045,
        "median": 0.2926829268292683,
        "ci95": [
          0.23627494334199325,
          0.3495980531554194
        ],
        "n_boot": 2000
      },
      "f1_at_t": {
        "mean": 0.389293405283889,
        "median": 0.38926126126126126,
        "ci95": [
          0.326080850024426,
          0.44988735134858354
        ],
        "n_boot": 2000
      }
    }
  },