{
  "clip_metrics": {
    "samples": 41908,
    "accuracy": 0.5126467500238618,
    "precision": 0.5039711818063453,
    "recall": 0.5634978405396225,
    "f1": 0.532074780058651,
    "f1_macro": 0.5118051653728826,
    "f1_micro": 0.5126467500238618,
    "confusion_matrix": [
      [
        9872,
        11429
      ],
      [
        8995,
        11612
      ]
    ],
    "roc_auc": 0.517478337216432,
    "pr_auc": 0.5056202635371475,
    "@tau": {
      "threshold": 0.49999999999999994,
      "TP": 11612,
      "TN": 9872,
      "FP": 11429,
      "FN": 8995,
      "accuracy": 0.5126467500238618,
      "precision": 0.5039711818063453,
      "recall": 0.5634978405396225,
      "youden": 0.02695026061379746,
      "f1_pos": 0.532074780058651,
      "f1_macro": 0.5118051653728826,
      "f1_micro": 0.5126467500238618,
      "confusion_matrix": [
        [
          9872,
          11429
        ],
        [
          8995,
          11612
        ]
      ]
    },
    "discrete_from_tau": {
      "accuracy": 0.5126467500238618,
      "precision": 0.5039711818063453,
      "recall": 0.5634978405396225,
      "youden": 0.02695026061379746,
      "f1_pos": 0.532074780058651,
      "f1_macro": 0.5118051653728826,
      "f1_micro": 0.5126467500238618
    },
    "roc_auc_boot": {
      "auc": 0.5175416277268995,
      "ci95": [
        0.5120286580124676,
        0.5230681458370824
      ],
      "mean": 0.5175416277268995,
      "median": 0.5174951046962744,
      "n_boot": 2000
    },
    "pr_auc_boot": {
      "ap": 0.5057180903300571,
      "ci95": [
        0.5008247146699208,
        0.510857176309649
      ],
      "mean": 0.5057180903300571,
      "median": 0.5056713596952822,
      "n_boot": 2000
    },
    "discrete_boot": {
      "accuracy": {
        "mean": 0.5126809201107188,
        "median": 0.5126467500238618,
        "ci95": [
          0.5077312207693042,
          0.5176100028634151
        ],
        "n_boot": 2000
      },
      "precision": {
        "mean": 0.5039645971111458,
        "median": 0.5039156574172269,
        "ci95": [
          0.49759323726502597,
          0.5103960449769367
        ],
        "n_boot": 2000
      },
      "recall": {
        "mean": 0.5636020894574977,
        "median": 0.5636261818076675,
        "ci95": [
          0.5567954953342762,
          0.5701891313259233
        ],
        "n_boot": 2000
      },
      "youden": {
        "mean": 0.027029935663838846,
        "median": 0.026962427810675482,
        "ci95": [
          0.01731947376245915,
          0.03653623887910389
        ],
        "n_boot": 2000
      },
      "f1_pos": {
        "mean": 0.5321116936432699,
        "median": 0.5321248356438089,
        "ci95": [
          0.5265479958812308,
          0.5377426801521124
        ],
        "n_boot": 2000
      },
      "f1_macro": {
        "mean": 0.5118328250787502,
        "median": 0.5117922845091294,
        "ci95": [
          0.5069189004494337,
          0.5166569309914527
        ],
        "n_boot": 2000
      },
      "f1_micro": {
        "mean": 0.5126809201107188,
        "median": 0.5126467500238618,
        "ci95": [
          0.5077312207693042,
          0.5176100028634151
        ],
        "n_boot": 2000
      }
    },
    "@tau_boot": {
      "precision_at_t": {
        "mean": 0.5039645971111458,
        "median": 0.5039156574172269,
        "ci95": [
          0.49759323726502597,
          0.5103960449769367
        ],
        "n_boot": 2000
      },
      "recall_at_t": {
        "mean": 0.5636020894574977,
        "median": 0.5636261818076675,
        "ci95": [
          0.5567954953342762,
          0.5701891313259233
        ],
        "n_boot": 2000
      },
      "f1_at_t": {
        "mean": 0.5321116936432699,
        "median": 0.5321248356438089,
        "ci95": [
          0.5265479958812308,
          0.5377426801521124
        ],
        "n_boot": 2000
      }
    }
  },
  "per_tech_clip_acc": {
    "deepfakes": {
      "accuracy": 0.5634978405396225,
      "clips": 20607
    },
    "REAL": {
      "accuracy": 0.4634524200741749,
      "clips": 21301
    }
  },
  "video_metrics_at_t": {
    "t_video": 0.594571590423584,
    "samples": 495,
    "accuracy": 0.5454545454545454,
    "precision": 0.6050420168067226,
    "recall": 0.288,
    "f1": 0.3902439024390244,
    "f1_macro": 0.5139625309296572,
    "f1_micro": 0.5454545454545454,
    "confusion_matrix": [
      [
        198,
        47
      ],
      [
        178,
        72
      ]
    ],
    "roc_auc": 0.5395918367346939,
    "pr_auc": 0.5678782510131235,
    "@tau": {
      "threshold": 0.594571590423584,
      "TP": 72,
      "TN": 198,
      "FP": 47,
      "FN": 178,
      "accuracy": 0.5454545454545454,
      "precision": 0.6050420168067226,
      "recall": 0.288,
      "youden": 0.09616326530612243,
      "f1_pos": 0.3902439024390244,
      "f1_macro": 0.5139625309296572,
      "f1_micro": 0.5454545454545454,
      "confusion_matrix": [
        [
          198,
          47
        ],
        [
          178,
          72
        ]
      ]
    },
    "discrete_from_tau": {
      "accuracy": 0.5454545454545454,
      "precision": 0.6050420168067226,
      "recall": 0.288,
      "youden": 0.09616326530612243,
      "f1_pos": 0.3902439024390244,
      "f1_macro": 0.5139625309296572,
      "f1_micro": 0.5454545454545454
    },
    "roc_auc_boot": {
      "auc": 0.5399776944807881,
      "ci95": [
        0.488572651390448,
        0.5894171327642036
      ],
      "mean": 0.5399776944807881,
      "median": 0.5402029221573038,
      "n_boot": 2000
    },
    "pr_auc_boot": {
      "ap": 0.5713499828153883,
      "ci95": [
        0.52237526753794,
        0.6207791398594424
      ],
      "mean": 0.5713499828153883,
      "median": 0.5708785423994127,
      "n_boot": 2000
    },
    "discrete_boot": {
      "accuracy": {
        "mean": 0.5457575757575758,
        "median": 0.5454545454545454,
        "ci95": [
          0.501010101010101,
          0.5898989898989899
        ],
        "n_boot": 2000
      },
      "precision": {
        "mean": 0.6061445405177188,
        "median": 0.6071428571428571,
        "ci95": [
          0.5163804319542025,
          0.6916666666666667
        ],
        "n_boot": 2000
      },
      "recall": {
        "mean": 0.28838205832787744,
        "median": 0.2880658436213992,
        "ci95": [
          0.23430093944896188,
          0.3472939785337456
        ],
        "n_boot": 2000
      },
      "youden": {
        "mean": 0.09701744438137834,
        "median": 0.0973976358185104,
        "ci95": [
          0.021445483561885404,
          0.16947160187031995
        ],
        "n_boot": 2000
      },
      "f1_pos": {
        "mean": 0.39017990322227547,
        "median": 0.3900410174783434,
        "ci95": [
          0.3251964200314272,
          0.4528325891785491
        ],
        "n_boot": 2000
      },
      "f1_macro": {
        "mean": 0.5138355039546757,
        "median": 0.5140166057789647,
        "ci95": [
          0.47055268561138663,
          0.5585161087452355
        ],
        "n_boot": 2000
      },
      "f1_micro": {
        "mean": 0.5457575757575758,
        "median": 0.5454545454545454,
        "ci95": [
          0.501010101010101,
          0.5898989898989899
        ],
        "n_boot": 2000
      }
    },
    "@tau_boot": {
      "precision_at_t": {
        "mean": 0.6061445405177188,
        "median": 0.6071428571428571,
        "ci95": [
          0.5163804319542025,
          0.6916666666666667
        ],
        "n_boot": 2000
      },
      "recall_at_t": {
        "mean": 0.28838205832787744,
        "median": 0.2880658436213992,
        "ci95": [
          0.23430093944896188,
          0.3472939785337456
        ],
        "n_boot": 2000
      },
      "f1_at_t": {
        "mean": 0.39017990322227547,
        "median": 0.3900410174783434,