{
  "clip_metrics": {
    "samples": 41908,
    "accuracy": 0.5126467500238618,
    "precision": 0.5039711818063453,
    "recall": 0.5634978405396225,
    "f1": 0.532074780058651,
    "f1_macro": 0.5118051653728826,
    "f1_micro": 0.5126467500238618,
    "confusion_matrix": [
      [
        9872,
        11429
      ],
      [
        8995,
        11612
      ]
    ],
    "roc_auc": 0.517478337216432,
    "pr_auc": 0.5056202635371475,
    "@tau": {
      "threshold": 0.49999999999999994,
      "TP": 11612,
      "TN": 9872,
      "FP": 11429,
      "FN": 8995,
      "accuracy": 0.5126467500238618,
      "precision": 0.5039711818063453,
      "recall": 0.5634978405396225,
      "youden": 0.02695026061379746,
      "f1_pos": 0.532074780058651,
      "f1_macro": 0.5118051653728826,
      "f1_micro": 0.5126467500238618,
      "confusion_matrix": [
        [
          9872,
          11429
        ],
        [
          8995,
          11612
        ]
      ]
    },
    "discrete_from_tau": {
      "accuracy": 0.5126467500238618,
      "precision": 0.5039711818063453,
      "recall": 0.5634978405396225,
      "youden": 0.02695026061379746,
      "f1_pos": 0.532074780058651,
      "f1_macro": 0.5118051653728826,
      "f1_micro": 0.5126467500238618
    },
    "roc_auc_boot": {
      "auc": 0.5175416277268995,
      "ci95": [
        0.5120286580124676,
        0.5230681458370824
      ],
      "mean": 0.5175416277268995,
      "median": 0.5174951046962744,
      "n_boot": 2000
    },
    "pr_auc_boot": {
      "ap": 0.5057180903300571,
      "ci95": [
        0.5008247146699208,
        0.510857176309649
      ],
      "mean": 0.5057180903300571,
      "median": 0.5056713596952822,
      "n_boot": 2000
    },
    "discrete_boot": {
      "accuracy": {
        "mean": 0.5126809201107188,
        "median": 0.5126467500238618,
        "ci95": [
          0.5077312207693042,
          0.5176100028634151
        ],
        "n_boot": 2000
      },
      "precision": {
        "mean": 0.5039645971111458,
        "median": 0.5039156574172269,
        "ci95": [
          0.49759323726502597,
          0.5103960449769367
        ],
        "n_boot": 2000
      },
      "recall": {
        "mean": 0.5636020894574977,
        "median": 0.5636261818076675,
        "ci95": [
          0.5567954953342762,
          0.5701891313259233
        ],
        "n_boot": 2000
      },
      "youden": {
        "mean": 0.027029935663838846,
        "median": 0.026962427810675482,
        "ci95": [
          0.01731947376245915,
          0.03653623887910389
        ],
        "n_boot": 2000
      },
      "f1_pos": {
        "mean": 0.5321116936432699,
        "median": 0.5321248356438089,
        "ci95": [
          0.5265479958812308,
          0.5377426801521124
        ],
        "n_boot": 2000
      },
      "f1_macro": {
        "mean": 0.5118328250787502,
        "median": 0.5117922845091294,
        "ci95": [
          0.5069189004494337,
          0.5166569309914527
        ],
        "n_boot": 2000
      },
      "f1_micro": {
        "mean": 0.5126809201107188,
        "median": 0.5126467500238618,
        "ci95": [
          0.5077312207693042,
          0.5176100028634151
        ],
        "n_boot": 2000
      }
    },
    "@tau_boot": {
      "precision_at_t": {
        "mean": 0.5039645971111458,
        "median": 0.5039156574172269,
        "ci95": [
          0.49759323726502597,
          0.5103960449769367
        ],
        "n_boot": 2000
      },
      "recall_at_t": {
        "mean": 0.5636020894574977,
        "median": 0.5636261818076675,
        "ci95": [
          0.5567954953342762,
          0.5701891313259233
        ],
        "n_boot": 2000
      },
      "f1_at_t": {
        "mean": 0.5321116936432699,
        "median": 0.5321248356438089,
        "ci95": [
          0.5265479958812308,
          0.5377426801521124
        ],
        "n_boot": 2000
      }
    }
  },
  "per_tech_clip_acc": {
    "deepfakes": {
      "accuracy": 0.5634978405396225,
      "clips": 20607
    },
    "REAL": {
      "accuracy": 0.4634524200741749,
      "clips": 21301
    }
  },
  "video_metrics_at_t": {
    "t_video": 0.8554297685623169,
    "samples": 495,
    "accuracy": 0.5353535353535354,
    "precision": 0.6851851851851852,
    "recall": 0.148,
    "f1": 0.24342105263157895,
    "f1_macro": 0.4540720423507749,
    "f1_micro": 0.5353535353535354,
    "confusion_matrix": [
      [
        228,
        17
      ],
      [
        213,
        37
      ]
    ],
    "roc_auc": 0.5021714285714286,
    "pr_auc": 0.5541161882264584,
    "@tau": {
      "threshold": 0.8554297685623169,
      "TP": 37,
      "TN": 228,
      "FP": 17,
      "FN": 213,
      "accuracy": 0.5353535353535354,
      "precision": 0.6851851851851852,
      "recall": 0.148,
      "youden": 0.07861224489795918,
      "f1_pos": 0.24342105263157895,
      "f1_macro": 0.4540720423507749,
      "f1_micro": 0.5353535353535354,
      "confusion_matrix": [
        [
          228,
          17
        ],
        [
          213,
          37
        ]
      ]
    },
    "discrete_from_tau": {
      "accuracy": 0.5353535353535354,
      "precision": 0.6851851851851852,
      "recall": 0.148,
      "youden": 0.07861224489795918,
      "f1_pos": 0.24342105263157895,
      "f1_macro": 0.4540720423507749,
      "f1_micro": 0.5353535353535354
    },
    "roc_auc_boot": {
      "auc": 0.502695371983163,
      "ci95": [
        0.44978005436493285,
        0.5534082314336584
      ],
      "mean": 0.502695371983163,
      "median": 0.503439247782594,
      "n_boot": 2000
    },
    "pr_auc_boot": {
      "ap": 0.556318030877062,
      "ci95": [
        0.510249903802348,
        0.6014297081876363
      ],
      "mean": 0.556318030877062,
      "median": 0.5565433119763755,
      "n_boot": 2000
    },
    "discrete_boot": {
      "accuracy": {
        "mean": 0.5355828282828282,
        "median": 0.5353535353535354,
        "ci95": [
          0.4928787878787879,
          0.5797979797979798
        ],
        "n_boot": 2000
      },
      "precision": {
        "mean": 0.6868503574109128,
        "median": 0.6875,
        "ci95": [
          0.56,
          0.8135593220338984
        ],
        "n_boot": 2000
      },
      "recall": {
        "mean": 0.14857268812733013,
        "median": 0.14829702906489656,
        "ci95": [
          0.10548523206751055,
          0.19467055442352718
        ],
        "n_boot": 2000
      },
      "youden": {
        "mean": 0.07943961716643519,
        "median": 0.07881632653061227,
        "ci95": [
          0.02398332762922786,
          0.1368357389251997
        ],
        "n_boot": 2000
      },
      "f1_pos": {
        "mean": 0.2436743542068041,
        "median": 0.24398511781727988,
        "ci95": [
          0.17984887631690313,
          0.30922020123839006
        ],
        "n_boot": 2000
      },
      "f1_macro": {
        "mean": 0.45407115427748707,
        "median": 0.4532886468370339,
        "ci95": [
          0.4129455495185255,
          0.4996958040585626
        ],
        "n_boot": 2000
      },
      "f1_micro": {
        "mean": 0.5355828282828282,
        "median": 0.5353535353535354,
        "ci95": [
          0.4928787878787879,
          0.5797979797979798
        ],
        "n_boot": 2000
      }
    },
    "@tau_boot": {
      "precision_at_t": {
        "mean": 0.6868503574109128,
        "median": 0.6875,
        "ci95": [
          0.56,
          0.8135593220338984
        ],
        "n_boot": 2000
      },
      "recall_at_t": {
        "mean": 0.14857268812733013,
        "median": 0.14829702906489656,
        "ci95": [
          0.10548523206751055,
          0.19467055442352718
        ],
        "n_boot": 2000
      },
      "f1_at_t": {
        "mean": 0.2436743542068041,
        "median": 0.24398511781727988,
        "ci95": [
          0.17984887631690313,
          0.30922020123839006
        ],