{
  "clip_metrics": {
    "samples": 41908,
    "accuracy": 0.5126467500238618,
    "precision": 0.5039711818063453,
    "recall": 0.5634978405396225,
    "f1": 0.532074780058651,
    "f1_macro": 0.5118051653728826,
    "f1_micro": 0.5126467500238618,
    "confusion_matrix": [
      [
        9872,
        11429
      ],
      [
        8995,
        11612
      ]
    ],
    "roc_auc": 0.517478337216432,
    "pr_auc": 0.5056202635371475,
    "@tau": {
      "threshold": 0.49999999999999994,
      "TP": 11612,
      "TN": 9872,
      "FP": 11429,
      "FN": 8995,
      "accuracy": 0.5126467500238618,
      "precision": 0.5039711818063453,
      "recall": 0.5634978405396225,
      "youden": 0.02695026061379746,
      "f1_pos": 0.532074780058651,
      "f1_macro": 0.5118051653728826,
      "f1_micro": 0.5126467500238618,
      "confusion_matrix": [
        [
          9872,
          11429
        ],
        [
          8995,
          11612
        ]
      ]
    },
    "discrete_from_tau": {
      "accuracy": 0.5126467500238618,
      "precision": 0.5039711818063453,
      "recall": 0.5634978405396225,
      "youden": 0.02695026061379746,
      "f1_pos": 0.532074780058651,
      "f1_macro": 0.5118051653728826,
      "f1_micro": 0.5126467500238618
    },
    "roc_auc_boot": {
      "auc": 0.5175416277268995,
      "ci95": [
        0.5120286580124676,
        0.5230681458370824
      ],
      "mean": 0.5175416277268995,
      "median": 0.5174951046962744,
      "n_boot": 2000
    },
    "pr_auc_boot": {
      "ap": 0.5057180903300571,
      "ci95": [
        0.5008247146699208,
        0.510857176309649
      ],
      "mean": 0.5057180903300571,
      "median": 0.5056713596952822,
      "n_boot": 2000
    },
    "discrete_boot": {
      "accuracy": {
        "mean": 0.5126809201107188,
        "median": 0.5126467500238618,
        "ci95": [
          0.5077312207693042,
          0.5176100028634151
        ],
        "n_boot": 2000
      },
      "precision": {
        "mean": 0.5039645971111458,
        "median": 0.5039156574172269,
        "ci95": [
          0.49759323726502597,
          0.5103960449769367
        ],
        "n_boot": 2000
      },
      "recall": {
        "mean": 0.5636020894574977,
        "median": 0.5636261818076675,
        "ci95": [
          0.5567954953342762,
          0.5701891313259233
        ],
        "n_boot": 2000
      },
      "youden": {
        "mean": 0.027029935663838846,
        "median": 0.026962427810675482,
        "ci95": [
          0.01731947376245915,
          0.03653623887910389
        ],
        "n_boot": 2000
      },
      "f1_pos": {
        "mean": 0.5321116936432699,
        "median": 0.5321248356438089,
        "ci95": [
          0.5265479958812308,
          0.5377426801521124
        ],
        "n_boot": 2000
      },
      "f1_macro": {
        "mean": 0.5118328250787502,
        "median": 0.5117922845091294,
        "ci95": [
          0.5069189004494337,
          0.5166569309914527
        ],
        "n_boot": 2000
      },
      "f1_micro": {
        "mean": 0.5126809201107188,
        "median": 0.5126467500238618,
        "ci95": [
          0.5077312207693042,
          0.5176100028634151
        ],
        "n_boot": 2000
      }
    },
    "@tau_boot": {
      "precision_at_t": {
        "mean": 0.5039645971111458,
        "median": 0.5039156574172269,
        "ci95": [
          0.49759323726502597,
          0.5103960449769367
        ],
        "n_boot": 2000
      },
      "recall_at_t": {
        "mean": 0.5636020894574977,
        "median": 0.5636261818076675,
        "ci95": [
          0.5567954953342762,
          0.5701891313259233
        ],
        "n_boot": 2000
      },
      "f1_at_t": {
        "mean": 0.5321116936432699,
        "median": 0.5321248356438089,
        "ci95": [
          0.5265479958812308,
          0.5377426801521124
        ],
        "n_boot": 2000
      }
    }
  },
  "per_tech_clip_acc": {
    "deepfakes": {
      "accuracy": 0.5634978405396225,
      "clips": 20607
    },
    "REAL": {
      "accuracy": 0.4634524200741749,
      "clips": 21301
    }
  },
  "video_metrics_at_t": {
    "t_video": 0.5986777199432254,
    "samples": 495,
    "accuracy": 0.5454545454545454,
    "precision": 0.6237623762376238,
    "recall": 0.252,
    "f1": 0.358974358974359,
    "f1_macro": 0.5034308414590105,
    "f1_micro": 0.5454545454545454,
    "confusion_matrix": [
      [
        207,
        38
      ],
      [
        187,
        63
      ]
    ],
    "roc_auc": 0.542530612244898,
    "pr_auc": 0.5754643931082494,
    "@tau": {
      "threshold": 0.5986777199432254,
      "TP": 63,
      "TN": 207,
      "FP": 38,
      "FN": 187,
      "accuracy": 0.5454545454545454,
      "precision": 0.6237623762376238,
      "recall": 0.252,
      "youden": 0.09689795918367347,
      "f1_pos": 0.358974358974359,
      "f1_macro": 0.5034308414590105,
      "f1_micro": 0.5454545454545454,
      "confusion_matrix": [
        [
          207,
          38
        ],
        [
          187,
          63
        ]
      ]
    },
    "discrete_from_tau": {
      "accuracy": 0.5454545454545454,
      "precision": 0.6237623762376238,
      "recall": 0.252,
      "youden": 0.09689795918367347,
      "f1_pos": 0.358974358974359,
      "f1_macro": 0.5034308414590105,
      "f1_micro": 0.5454545454545454
    },
    "roc_auc_boot": {
      "auc": 0.5429619049899047,
      "ci95": [
        0.4930488452391801,
        0.5930291063956248
      ],
      "mean": 0.5429619049899047,
      "median": 0.5435519659965927,
      "n_boot": 2000
    },
    "pr_auc_boot": {
      "ap": 0.5778034272346652,
      "ci95": [
        0.5313638999033897,
        0.6237187102746031
      ],
      "mean": 0.5778034272346652,
      "median": 0.5774488864831235,
      "n_boot": 2000
    },
    "discrete_boot": {
      "accuracy": {
        "mean": 0.5458828282828283,
        "median": 0.5474747474747474,
        "ci95": [
          0.503030303030303,
          0.5898989898989899
        ],
        "n_boot": 2000
      },
      "precision": {
        "mean": 0.6255613963190884,
        "median": 0.6273618538324421,
        "ci95": [
          0.5274577572964669,
          0.7143207282913163
        ],
        "n_boot": 2000
      },
      "recall": {
        "mean": 0.25216843619624907,
        "median": 0.251020476166675,
        "ci95": [
          0.20073863636363634,
          0.30824596774193547
        ],
        "n_boot": 2000
      },
      "youden": {
        "mean": 0.09804157909517035,
        "median": 0.09907070373640048,
        "ci95": [
          0.025506068916789415,
          0.16801456004606966
        ],
        "n_boot": 2000
      },
      "f1_pos": {
        "mean": 0.35877635227519533,
        "median": 0.358167838493483,
        "ci95": [
          0.2956521739130435,
          0.4207860560492139
        ],
        "n_boot": 2000
      },
      "f1_macro": {
        "mean": 0.5033400473357835,
        "median": 0.5030741816652861,
        "ci95": [
          0.4593597043306506,
          0.5475779482085416
        ],
        "n_boot": 2000
      },
      "f1_micro": {
        "mean": 0.5458828282828283,
        "median": 0.5474747474747474,
        "ci95": [
          0.503030303030303,
          0.5898989898989899
        ],
        "n_boot": 2000
      }
    },
    "@tau_boot": {
      "precision_at_t": {
        "mean": 0.6255613963190884,
        "median": 0.6273618538324421,
        "ci95": [
          0.5274577572964669,
          0.7143207282913163
        ],
        "n_boot": 2000
      },
      "recall_at_t": {
        "mean": 0.25216843619624907,
        "median": 0.251020476166675,
        "ci95": [
          0.20073863636363634,
          0.30824596774193547
        ],
        "n_boot": 2000
      },
      "f1_at_t": {
        "mean": 0.35877635227519533,
        "median": 0.358167838493483,