{
  "clip_metrics": {
    "samples": 41908,
    "accuracy": 0.5126467500238618,
    "precision": 0.5039711818063453,
    "recall": 0.5634978405396225,
    "f1": 0.532074780058651,
    "f1_macro": 0.5118051653728826,
    "f1_micro": 0.5126467500238618,
    "confusion_matrix": [
      [
        9872,
        11429
      ],
      [
        8995,
        11612
      ]
    ],
    "roc_auc": 0.517478337216432,
    "pr_auc": 0.5056202635371475,
    "@tau": {
      "threshold": 0.49999999999999994,
      "TP": 11612,
      "TN": 9872,
      "FP": 11429,
      "FN": 8995,
      "accuracy": 0.5126467500238618,
      "precision": 0.5039711818063453,
      "recall": 0.5634978405396225,
      "youden": 0.02695026061379746,
      "f1_pos": 0.532074780058651,
      "f1_macro": 0.5118051653728826,
      "f1_micro": 0.5126467500238618,
      "confusion_matrix": [
        [
          9872,
          11429
        ],
        [
          8995,
          11612
        ]
      ]
    },
    "discrete_from_tau": {
      "accuracy": 0.5126467500238618,
      "precision": 0.5039711818063453,
      "recall": 0.5634978405396225,
      "youden": 0.02695026061379746,
      "f1_pos": 0.532074780058651,
      "f1_macro": 0.5118051653728826,
      "f1_micro": 0.5126467500238618
    },
    "roc_auc_boot": {
      "auc": 0.5175416277268995,
      "ci95": [
        0.5120286580124676,
        0.5230681458370824
      ],
      "mean": 0.5175416277268995,
      "median": 0.5174951046962744,
      "n_boot": 2000
    },
    "pr_auc_boot": {
      "ap": 0.5057180903300571,
      "ci95": [
        0.5008247146699208,
        0.510857176309649
      ],
      "mean": 0.5057180903300571,
      "median": 0.5056713596952822,
      "n_boot": 2000
    },
    "discrete_boot": {
      "accuracy": {
        "mean": 0.5126809201107188,
        "median": 0.5126467500238618,
        "ci95": [
          0.5077312207693042,
          0.5176100028634151
        ],
        "n_boot": 2000
      },
      "precision": {
        "mean": 0.5039645971111458,
        "median": 0.5039156574172269,
        "ci95": [
          0.49759323726502597,
          0.5103960449769367
        ],
        "n_boot": 2000
      },
      "recall": {
        "mean": 0.5636020894574977,
        "median": 0.5636261818076675,
        "ci95": [
          0.5567954953342762,
          0.5701891313259233
        ],
        "n_boot": 2000
      },
      "youden": {
        "mean": 0.027029935663838846,
        "median": 0.026962427810675482,
        "ci95": [
          0.01731947376245915,
          0.03653623887910389
        ],
        "n_boot": 2000
      },
      "f1_pos": {
        "mean": 0.5321116936432699,
        "median": 0.5321248356438089,
        "ci95": [
          0.5265479958812308,
          0.5377426801521124
        ],
        "n_boot": 2000
      },
      "f1_macro": {
        "mean": 0.5118328250787502,
        "median": 0.5117922845091294,
        "ci95": [
          0.5069189004494337,
          0.5166569309914527
        ],
        "n_boot": 2000
      },
      "f1_micro": {
        "mean": 0.5126809201107188,
        "median": 0.5126467500238618,
        "ci95": [
          0.5077312207693042,
          0.5176100028634151
        ],
        "n_boot": 2000
      }
    },
    "@tau_boot": {
      "precision_at_t": {
        "mean": 0.5039645971111458,
        "median": 0.5039156574172269,
        "ci95": [
          0.49759323726502597,
          0.5103960449769367
        ],
        "n_boot": 2000
      },
      "recall_at_t": {
        "mean": 0.5636020894574977,
        "median": 0.5636261818076675,
        "ci95": [
          0.5567954953342762,
          0.5701891313259233
        ],
        "n_boot": 2000
      },
      "f1_at_t": {
        "mean": 0.5321116936432699,
        "median": 0.5321248356438089,
        "ci95": [
          0.5265479958812308,
          0.5377426801521124
        ],
        "n_boot": 2000
      }
    }
  },
  "per_tech_clip_acc": {
    "deepfakes": {
      "accuracy": 0.5634978405396225,
      "clips": 20607
    },
    "REAL": {
      "accuracy": 0.4634524200741749,
      "clips": 21301
    }
  },
  "video_metrics_at_t": {
    "t_video": 0.8556017577648163,
    "samples": 495,
    "accuracy": 0.5353535353535354,
    "precision": 0.6851851851851852,
    "recall": 0.148,
    "f1": 0.24342105263157895,
    "f1_macro": 0.4540720423507749,
    "f1_micro": 0.5353535353535354,
    "confusion_matrix": [
      [
        228,
        17
      ],
      [
        213,
        37
      ]
    ],
    "roc_auc": 0.5067428571428572,
    "pr_auc": 0.5439658972980406,
    "@tau": {
      "threshold": 0.8556017577648163,
      "TP": 37,
      "TN": 228,
      "FP": 17,
      "FN": 213,
      "accuracy": 0.5353535353535354,
      "precision": 0.6851851851851852,
      "recall": 0.148,
      "youden": 0.07861224489795918,
      "f1_pos": 0.24342105263157895,
      "f1_macro": 0.4540720423507749,
      "f1_micro": 0.5353535353535354,
      "confusion_matrix": [
        [
          228,
          17
        ],
        [
          213,
          37
        ]
      ]
    },
    "discrete_from_tau": {
      "accuracy": 0.5353535353535354,
      "precision": 0.6851851851851852,
      "recall": 0.148,
      "youden": 0.07861224489795918,
      "f1_pos": 0.24342105263157895,
      "f1_macro": 0.4540720423507749,
      "f1_micro": 0.5353535353535354
    },
    "roc_auc_boot": {
      "auc": 0.507282715252408,
      "ci95": [
        0.45256270753512134,
        0.557221473788157
      ],
      "mean": 0.507282715252408,
      "median": 0.5076719951245566,
      "n_boot": 2000
    },
    "pr_auc_boot": {
      "ap": 0.547157151946853,
      "ci95": [
        0.49903492462971505,
        0.5937045253815866
      ],
      "mean": 0.547157151946853,
      "median": 0.5465240495834214,
      "n_boot": 2000
    },
    "discrete_boot": {
      "accuracy": {
        "mean": 0.535690909090909,
        "median": 0.5353535353535354,
        "ci95": [
          0.4909090909090909,
          0.5797979797979798
        ],
        "n_boot": 2000
      },
      "precision": {
        "mean": 0.6872820690968409,
        "median": 0.6875,
        "ci95": [
          0.5636079545454545,
          0.8113207547169812
        ],
        "n_boot": 2000
      },
      "recall": {
        "mean": 0.14873780397820655,
        "median": 0.14772727272727273,
        "ci95": [
          0.10655737704918032,
          0.19541520056298375
        ],
        "n_boot": 2000
      },
      "youden": {
        "mean": 0.07965034406019537,
        "median": 0.07877958151773695,
        "ci95": [
          0.025560779704182576,
          0.13504154960615786
        ],
        "n_boot": 2000
      },
      "f1_pos": {
        "mean": 0.24393867949945355,
        "median": 0.24281150159744408,
        "ci95": [
          0.18055430204572803,
          0.3096245754305809
        ],
        "n_boot": 2000
      },
      "f1_macro": {
        "mean": 0.45423442778536083,
        "median": 0.45349434766877916,
        "ci95": [
          0.4126323707836904,
          0.4968612652592436
        ],
        "n_boot": 2000
      },
      "f1_micro": {
        "mean": 0.535690909090909,
        "median": 0.5353535353535354,
        "ci95": [
          0.4909090909090909,
          0.5797979797979798
        ],
        "n_boot": 2000
      }
    },
    "@tau_boot": {
      "precision_at_t": {
        "mean": 0.6872820690968409,
        "median": 0.6875,
        "ci95": [
          0.5636079545454545,
          0.8113207547169812
        ],
        "n_boot": 2000
      },
      "recall_at_t": {
        "mean": 0.14873780397820655,
        "median": 0.14772727272727273,
        "ci95": [
          0.10655737704918032,
          0.19541520056298375
        ],
        "n_boot": 2000
      },
      "f1_at_t": {
        "mean": 0.24393867949945355,
        "median": 0.24281150159744408,