metric,mean,sd,ci95_lo,ci95_hi
auc,0.654953125,0.04297388463639494,0.6148875,0.690565625
ap,0.6440488130209163,0.04288161938975155,0.5995132943116269,0.6760716255716505
