seed,n_pool,n_real,n_fake,threshold,auc_mean,auc_sd,ap_mean,ap_sd,f1_macro@tau_mean,f1_macro@tau_sd,precision_macro@tau_mean,precision_macro@tau_sd,recall_macro@tau_mean,recall_macro@tau_sd
46,625,125,500,0.04,0.99992,0.00017888543820001313,0.999980198019802,4.427857381187706e-05,0.9129869295274741,0.03538284074559875,0.9709830268078493,0.010085412722153677,0.876,0.04560701700396545
