seed,n_pool,n_real,n_fake,threshold,auc_mean,auc_sd,ap_mean,ap_sd,f1_macro@tau_mean,f1_macro@tau_sd,precision_macro@tau_mean,precision_macro@tau_sd,recall_macro@tau_mean,recall_macro@tau_sd
42,625,125,500,0.04,0.9998400000000001,0.00035777087639997656,0.9999601980198018,8.899993336186793e-05,0.8848771854613273,0.02611381021023001,0.9630423693344816,0.006780241836213434,0.8400000000000001,0.03162277660168377
