metric,mean,sd,ci95_lo,ci95_hi
auc,0.8936206509539844,0.021210578094573072,0.8394170168067228,0.942752100840336
ap,0.9878211095633478,0.0031510595048900134,0.9803528316565422,0.993758467179907
