metric,mean,sd,ci95_lo,ci95_hi
auc,0.8693512906846241,0.03132746736258925,0.8160451680672269,0.9323824842436974
ap,0.9846649031737812,0.004432357999209456,0.9777508641509167,0.9924293153316414
