{
  "clip_metrics": {
    "samples": 46001,
    "accuracy": 0.5867263755135758,
    "precision": 0.6602345944159921,
    "recall": 0.6959944270289098,
    "f1": 0.6776430690970751,
    "f1_macro": 0.5510115608906213,
    "f1_micro": 0.5867263755135758,
    "confusion_matrix": [
      [
        7008,
        10283
      ],
      [
        8728,
        19982
      ]
    ],
    "roc_auc": 0.5675726944721777,
    "pr_auc": 0.6696586453527533,
    "@tau": {
      "threshold": 0.5499999999999999,
      "TP": 19982,
      "TN": 7008,
      "FP": 10283,
      "FN": 8728,
      "accuracy": 0.5867263755135758,
      "precision": 0.6602345944159921,
      "recall": 0.6959944270289098,
      "youden": 0.10129198066953204,
      "f1_pos": 0.6776430690970751,
      "f1_macro": 0.5510115608906213,
      "f1_micro": 0.5867263755135758,
      "confusion_matrix": [
        [
          7008,
          10283
        ],
        [
          8728,
          19982
        ]
      ]
    },
    "discrete_from_tau": {
      "accuracy": 0.5867263755135758,
      "precision": 0.6602345944159921,
      "recall": 0.6959944270289098,
      "youden": 0.10129198066953204,
      "f1_pos": 0.6776430690970751,
      "f1_macro": 0.5510115608906213,
      "f1_micro": 0.5867263755135758
    },
    "roc_auc_boot": {
      "auc": 0.5675839443305432,
      "ci95": [
        0.5622732984734812,
        0.5730535676133627
      ],
      "mean": 0.5675839443305432,
      "median": 0.5675944889599083,
      "n_boot": 2000
    },
    "pr_auc_boot": {
      "ap": 0.6697374117415297,
      "ci95": [
        0.6652686952026126,
        0.6743016678162213
      ],
      "mean": 0.6697374117415297,
      "median": 0.6697266869280334,
      "n_boot": 2000
    },
    "discrete_boot": {
      "accuracy": {
        "mean": 0.5867279298276123,
        "median": 0.5866828981978652,
        "ci95": [
          0.5822699506532467,
          0.5913577965696398
        ],
        "n_boot": 2000
      },
      "precision": {
        "mean": 0.6602082432841653,
        "median": 0.660206651227055,
        "ci95": [
          0.6552064624970831,
          0.6655760513374099
        ],
        "n_boot": 2000
      },
      "recall": {
        "mean": 0.695972704539386,
        "median": 0.6960400886284588,
        "ci95": [
          0.6905676894249453,
          0.7013141423893913
        ],
        "n_boot": 2000
      },
      "youden": {
        "mean": 0.10135066644880668,
        "median": 0.10120899945635103,
        "ci95": [
          0.0923158065469621,
          0.11058618366626206
        ],
        "n_boot": 2000
      },
      "f1_pos": {
        "mean": 0.6776151086068355,
        "median": 0.6775938735315696,
        "ci95": [
          0.6733112023934789,
          0.6820315636403158
        ],
        "n_boot": 2000
      },
      "f1_macro": {
        "mean": 0.5510354309740754,
        "median": 0.5509814274696745,
        "ci95": [
          0.5464055720077198,
          0.555737372462655
        ],
        "n_boot": 2000
      },
      "f1_micro": {
        "mean": 0.5867279298276123,
        "median": 0.5866828981978652,
        "ci95": [
          0.5822699506532467,
          0.5913577965696398
        ],
        "n_boot": 2000
      }
    },
    "@tau_boot": {
      "precision_at_t": {
        "mean": 0.6602082432841653,
        "median": 0.660206651227055,
        "ci95": [
          0.6552064624970831,
          0.6655760513374099
        ],
        "n_boot": 2000
      },
      "recall_at_t": {
        "mean": 0.695972704539386,
        "median": 0.6960400886284588,
        "ci95": [
          0.6905676894249453,
          0.7013141423893913
        ],
        "n_boot": 2000
      },
      "f1_at_t": {
        "mean": 0.6776151086068355,
        "median": 0.6775938735315696,
        "ci95": [
          0.6733112023934789,
          0.6820315636403158
        ],
        "n_boot": 2000
      }
    }
  },
  "per_tech_clip_acc": {
    "Celeb-synthesis": {
      "accuracy": 0.6959944270289098,
      "clips": 28710
    },
    "REAL": {
      "accuracy": 0.4052975536406223,
      "clips": 17291
    }
  },
  "video_metrics_at_t": {
    "t_video": 0.7546533823013306,
    "samples": 518,
    "accuracy": 0.6911196911196911,
    "precision": 0.774390243902439,
    "recall": 0.7470588235294118,
    "f1": 0.7604790419161677,
    "f1_macro": 0.6628482166102577,
    "f1_micro": 0.6911196911196911,
    "confusion_matrix": [
      [
        104,
        74
      ],
      [
        86,
        254
      ]
    ],
    "roc_auc": 0.677428949107733,
    "pr_auc": 0.7582336452216224,
    "@tau": {
      "threshold": 0.7546533823013306,
      "TP": 254,
      "TN": 104,
      "FP": 74,
      "FN": 86,
      "accuracy": 0.6911196911196911,
      "precision": 0.774390243902439,
      "recall": 0.7470588235294118,
      "youden": 0.3313284864507601,
      "f1_pos": 0.7604790419161677,
      "f1_macro": 0.6628482166102577,
      "f1_micro": 0.6911196911196911,
      "confusion_matrix": [
        [
          104,
          74
        ],
        [
          86,
          254
        ]
      ]
    },
    "discrete_from_tau": {
      "accuracy": 0.6911196911196911,
      "precision": 0.774390243902439,
      "recall": 0.7470588235294118,
      "youden": 0.3313284864507601,
      "f1_pos": 0.7604790419161677,
      "f1_macro": 0.6628482166102577,
      "f1_micro": 0.6911196911196911
    },
    "roc_auc_boot": {
      "auc": 0.6774789859166069,
      "ci95": [
        0.6265152165538463,
        0.7299733652222166
      ],
      "mean": 0.6774789859166069,
      "median": 0.6773644969422803,
      "n_boot": 2000
    },
    "pr_auc_boot": {
      "ap": 0.761868339487337,
      "ci95": [
        0.7173438551485294,
        0.8078866537622698
      ],
      "mean": 0.761868339487337,
      "median": 0.7615607866221015,
      "n_boot": 2000
    },
    "discrete_boot": {
      "accuracy": {
        "mean": 0.6907258687258686,
        "median": 0.6911196911196911,
        "ci95": [
          0.6486486486486487,
          0.7335907335907336
        ],
        "n_boot": 2000
      },
      "precision": {
        "mean": 0.7738781019651354,
        "median": 0.7738853503184714,
        "ci95": [
          0.7256564522520143,
          0.8201236343002231
        ],
        "n_boot": 2000
      },
      "recall": {
        "mean": 0.7468641833281915,
        "median": 0.7463341847484886,
        "ci95": [
          0.6996901551944134,
          0.7943142377222614
        ],
        "n_boot": 2000
      },
      "youden": {
        "mean": 0.3305281465242973,
        "median": 0.3311296082234668,
        "ci95": [
          0.2424764853995279,
          0.42013640406465086
        ],
        "n_boot": 2000
      },
      "f1_pos": {
        "mean": 0.7598513264911653,
        "median": 0.7600298062593145,
        "ci95": [
          0.7217037804981964,
          0.7976190476190477
        ],
        "n_boot": 2000
      },
      "f1_macro": {
        "mean": 0.6619922734663101,
        "median": 0.6619662363455809,
        "ci95": [
          0.6192214013864236,
          0.7057057057057057
        ],
        "n_boot": 2000
      },
      "f1_micro": {
        "mean": 0.6907258687258686,
        "median": 0.6911196911196911,
        "ci95": [
          0.6486486486486487,
          0.7335907335907336
        ],
        "n_boot": 2000
      }
    },
    "@tau_boot": {
      "precision_at_t": {
        "mean": 0.7738781019651354,
        "median": 0.7738853503184714,
        "ci95": [
          0.7256564522520143,
          0.8201236343002231
        ],
        "n_boot": 2000
      },
      "recall_at_t": {
        "mean": 0.7468641833281915,
        "median": 0.7463341847484886,
        "ci95": [
          0.6996901551944134,
          0.7943142377222614
        ],
        "n_boot": 2000
      },
      "f1_at_t": {
        "mean": 0.7598513264911653,
        "median": 0.7600298062593145,