{
  "clip_metrics": {
    "samples": 46001,
    "accuracy": 0.5867263755135758,
    "precision": 0.6602345944159921,
    "recall": 0.6959944270289098,
    "f1": 0.6776430690970751,
    "f1_macro": 0.5510115608906213,
    "f1_micro": 0.5867263755135758,
    "confusion_matrix": [
      [
        7008,
        10283
      ],
      [
        8728,
        19982
      ]
    ],
    "roc_auc": 0.5675726944721777,
    "pr_auc": 0.6696586453527533,
    "@tau": {
      "threshold": 0.5499999999999999,
      "TP": 19982,
      "TN": 7008,
      "FP": 10283,
      "FN": 8728,
      "accuracy": 0.5867263755135758,
      "precision": 0.6602345944159921,
      "recall": 0.6959944270289098,
      "youden": 0.10129198066953204,
      "f1_pos": 0.6776430690970751,
      "f1_macro": 0.5510115608906213,
      "f1_micro": 0.5867263755135758,
      "confusion_matrix": [
        [
          7008,
          10283
        ],
        [
          8728,
          19982
        ]
      ]
    },
    "discrete_from_tau": {
      "accuracy": 0.5867263755135758,
      "precision": 0.6602345944159921,
      "recall": 0.6959944270289098,
      "youden": 0.10129198066953204,
      "f1_pos": 0.6776430690970751,
      "f1_macro": 0.5510115608906213,
      "f1_micro": 0.5867263755135758
    },
    "roc_auc_boot": {
      "auc": 0.5675839443305432,
      "ci95": [
        0.5622732984734812,
        0.5730535676133627
      ],
      "mean": 0.5675839443305432,
      "median": 0.5675944889599083,
      "n_boot": 2000
    },
    "pr_auc_boot": {
      "ap": 0.6697374117415297,
      "ci95": [
        0.6652686952026126,
        0.6743016678162213
      ],
      "mean": 0.6697374117415297,
      "median": 0.6697266869280334,
      "n_boot": 2000
    },
    "discrete_boot": {
      "accuracy": {
        "mean": 0.5867279298276123,
        "median": 0.5866828981978652,
        "ci95": [
          0.5822699506532467,
          0.5913577965696398
        ],
        "n_boot": 2000
      },
      "precision": {
        "mean": 0.6602082432841653,
        "median": 0.660206651227055,
        "ci95": [
          0.6552064624970831,
          0.6655760513374099
        ],
        "n_boot": 2000
      },
      "recall": {
        "mean": 0.695972704539386,
        "median": 0.6960400886284588,
        "ci95": [
          0.6905676894249453,
          0.7013141423893913
        ],
        "n_boot": 2000
      },
      "youden": {
        "mean": 0.10135066644880668,
        "median": 0.10120899945635103,
        "ci95": [
          0.0923158065469621,
          0.11058618366626206
        ],
        "n_boot": 2000
      },
      "f1_pos": {
        "mean": 0.6776151086068355,
        "median": 0.6775938735315696,
        "ci95": [
          0.6733112023934789,
          0.6820315636403158
        ],
        "n_boot": 2000
      },
      "f1_macro": {
        "mean": 0.5510354309740754,
        "median": 0.5509814274696745,
        "ci95": [
          0.5464055720077198,
          0.555737372462655
        ],
        "n_boot": 2000
      },
      "f1_micro": {
        "mean": 0.5867279298276123,
        "median": 0.5866828981978652,
        "ci95": [
          0.5822699506532467,
          0.5913577965696398
        ],
        "n_boot": 2000
      }
    },
    "@tau_boot": {
      "precision_at_t": {
        "mean": 0.6602082432841653,
        "median": 0.660206651227055,
        "ci95": [
          0.6552064624970831,
          0.6655760513374099
        ],
        "n_boot": 2000
      },
      "recall_at_t": {
        "mean": 0.695972704539386,
        "median": 0.6960400886284588,
        "ci95": [
          0.6905676894249453,
          0.7013141423893913
        ],
        "n_boot": 2000
      },
      "f1_at_t": {
        "mean": 0.6776151086068355,
        "median": 0.6775938735315696,
        "ci95": [
          0.6733112023934789,
          0.6820315636403158
        ],
        "n_boot": 2000
      }
    }
  },
  "per_tech_clip_acc": {
    "Celeb-synthesis": {
      "accuracy": 0.6959944270289098,
      "clips": 28710
    },
    "REAL": {
      "accuracy": 0.4052975536406223,
      "clips": 17291
    }
  },
  "video_metrics_at_t": {
    "t_video": 0.611972413798596,
    "samples": 518,
    "accuracy": 0.6872586872586872,
    "precision": 0.779874213836478,
    "recall": 0.7294117647058823,
    "f1": 0.7537993920972644,
    "f1_macro": 0.662613981762918,
    "f1_micro": 0.6872586872586872,
    "confusion_matrix": [
      [
        108,
        70
      ],
      [
        92,
        248
      ]
    ],
    "roc_auc": 0.706708526107072,
    "pr_auc": 0.7951154372545123,
    "@tau": {
      "threshold": 0.611972413798596,
      "TP": 248,
      "TN": 108,
      "FP": 70,
      "FN": 92,
      "accuracy": 0.6872586872586872,
      "precision": 0.779874213836478,
      "recall": 0.7294117647058823,
      "youden": 0.33615333773959016,
      "f1_pos": 0.7537993920972644,
      "f1_macro": 0.662613981762918,
      "f1_micro": 0.6872586872586872,
      "confusion_matrix": [
        [
          108,
          70
        ],
        [
          92,
          248
        ]
      ]
    },
    "discrete_from_tau": {
      "accuracy": 0.6872586872586872,
      "precision": 0.779874213836478,
      "recall": 0.7294117647058823,
      "youden": 0.33615333773959016,
      "f1_pos": 0.7537993920972644,
      "f1_macro": 0.662613981762918,
      "f1_micro": 0.6872586872586872
    },
    "roc_auc_boot": {
      "auc": 0.7069625276358559,
      "ci95": [
        0.6586262013041283,
        0.7550025747678385
      ],
      "mean": 0.7069625276358559,
      "median": 0.7067583402819972,
      "n_boot": 2000
    },
    "pr_auc_boot": {
      "ap": 0.7971577636064974,
      "ci95": [
        0.7545161753803855,
        0.8372956580255577
      ],
      "mean": 0.7971577636064974,
      "median": 0.7970905470613385,
      "n_boot": 2000
    },
    "discrete_boot": {
      "accuracy": {
        "mean": 0.6871380308880309,
        "median": 0.6872586872586872,
        "ci95": [
          0.6467181467181468,
          0.7277992277992278
        ],
        "n_boot": 2000
      },
      "precision": {
        "mean": 0.7793745220271092,
        "median": 0.779874213836478,
        "ci95": [
          0.7327320244773076,
          0.8263665594855305
        ],
        "n_boot": 2000
      },
      "recall": {
        "mean": 0.7297314492703547,
        "median": 0.7298850574712644,
        "ci95": [
          0.6822389390092377,
          0.7755102040816326
        ],
        "n_boot": 2000
      },
      "youden": {
        "mean": 0.3356784240451915,
        "median": 0.33605104572846506,
        "ci95": [
          0.24469521528605603,
          0.42280341916892805
        ],
        "n_boot": 2000
      },
      "f1_pos": {
        "mean": 0.753457378804819,
        "median": 0.7544910179640718,
        "ci95": [
          0.7140546846518411,
          0.7901638825406596
        ],
        "n_boot": 2000
      },
      "f1_macro": {
        "mean": 0.6619938670233166,
        "median": 0.6623087784080275,
        "ci95": [
          0.618318990444188,
          0.7043272948779067
        ],
        "n_boot": 2000
      },
      "f1_micro": {
        "mean": 0.6871380308880309,
        "median": 0.6872586872586872,
        "ci95": [
          0.6467181467181468,
          0.7277992277992278
        ],
        "n_boot": 2000
      }
    },
    "@tau_boot": {
      "precision_at_t": {
        "mean": 0.7793745220271092,
        "median": 0.779874213836478,
        "ci95": [
          0.7327320244773076,
          0.8263665594855305
        ],
        "n_boot": 2000
      },
      "recall_at_t": {
        "mean": 0.7297314492703547,
        "median": 0.7298850574712644,
        "ci95": [
          0.6822389390092377,
          0.7755102040816326
        ],
        "n_boot": 2000
      },
      "f1_at_t": {
        "mean": 0.753457378804819,
        "median": 0.7544910179640718,