{
  "clip_metrics": {
    "samples": 46001,
    "accuracy": 0.5867263755135758,
    "precision": 0.6602345944159921,
    "recall": 0.6959944270289098,
    "f1": 0.6776430690970751,
    "f1_macro": 0.5510115608906213,
    "f1_micro": 0.5867263755135758,
    "confusion_matrix": [
      [
        7008,
        10283
      ],
      [
        8728,
        19982
      ]
    ],
    "roc_auc": 0.5675726944721777,
    "pr_auc": 0.6696586453527533,
    "@tau": {
      "threshold": 0.5499999999999999,
      "TP": 19982,
      "TN": 7008,
      "FP": 10283,
      "FN": 8728,
      "accuracy": 0.5867263755135758,
      "precision": 0.6602345944159921,
      "recall": 0.6959944270289098,
      "youden": 0.10129198066953204,
      "f1_pos": 0.6776430690970751,
      "f1_macro": 0.5510115608906213,
      "f1_micro": 0.5867263755135758,
      "confusion_matrix": [
        [
          7008,
          10283
        ],
        [
          8728,
          19982
        ]
      ]
    },
    "discrete_from_tau": {
      "accuracy": 0.5867263755135758,
      "precision": 0.6602345944159921,
      "recall": 0.6959944270289098,
      "youden": 0.10129198066953204,
      "f1_pos": 0.6776430690970751,
      "f1_macro": 0.5510115608906213,
      "f1_micro": 0.5867263755135758
    },
    "roc_auc_boot": {
      "auc": 0.5675839443305432,
      "ci95": [
        0.5622732984734812,
        0.5730535676133627
      ],
      "mean": 0.5675839443305432,
      "median": 0.5675944889599083,
      "n_boot": 2000
    },
    "pr_auc_boot": {
      "ap": 0.6697374117415297,
      "ci95": [
        0.6652686952026126,
        0.6743016678162213
      ],
      "mean": 0.6697374117415297,
      "median": 0.6697266869280334,
      "n_boot": 2000
    },
    "discrete_boot": {
      "accuracy": {
        "mean": 0.5867279298276123,
        "median": 0.5866828981978652,
        "ci95": [
          0.5822699506532467,
          0.5913577965696398
        ],
        "n_boot": 2000
      },
      "precision": {
        "mean": 0.6602082432841653,
        "median": 0.660206651227055,
        "ci95": [
          0.6552064624970831,
          0.6655760513374099
        ],
        "n_boot": 2000
      },
      "recall": {
        "mean": 0.695972704539386,
        "median": 0.6960400886284588,
        "ci95": [
          0.6905676894249453,
          0.7013141423893913
        ],
        "n_boot": 2000
      },
      "youden": {
        "mean": 0.10135066644880668,
        "median": 0.10120899945635103,
        "ci95": [
          0.0923158065469621,
          0.11058618366626206
        ],
        "n_boot": 2000
      },
      "f1_pos": {
        "mean": 0.6776151086068355,
        "median": 0.6775938735315696,
        "ci95": [
          0.6733112023934789,
          0.6820315636403158
        ],
        "n_boot": 2000
      },
      "f1_macro": {
        "mean": 0.5510354309740754,
        "median": 0.5509814274696745,
        "ci95": [
          0.5464055720077198,
          0.555737372462655
        ],
        "n_boot": 2000
      },
      "f1_micro": {
        "mean": 0.5867279298276123,
        "median": 0.5866828981978652,
        "ci95": [
          0.5822699506532467,
          0.5913577965696398
        ],
        "n_boot": 2000
      }
    },
    "@tau_boot": {
      "precision_at_t": {
        "mean": 0.6602082432841653,
        "median": 0.660206651227055,
        "ci95": [
          0.6552064624970831,
          0.6655760513374099
        ],
        "n_boot": 2000
      },
      "recall_at_t": {
        "mean": 0.695972704539386,
        "median": 0.6960400886284588,
        "ci95": [
          0.6905676894249453,
          0.7013141423893913
        ],
        "n_boot": 2000
      },
      "f1_at_t": {
        "mean": 0.6776151086068355,
        "median": 0.6775938735315696,
        "ci95": [
          0.6733112023934789,
          0.6820315636403158
        ],
        "n_boot": 2000
      }
    }
  },
  "per_tech_clip_acc": {
    "Celeb-synthesis": {
      "accuracy": 0.6959944270289098,
      "clips": 28710
    },
    "REAL": {
      "accuracy": 0.4052975536406223,
      "clips": 17291
    }
  },
  "video_metrics_at_t": {
    "t_video": 0.8668684959411621,
    "samples": 518,
    "accuracy": 0.6216216216216216,
    "precision": 0.74,
    "recall": 0.6529411764705882,
    "f1": 0.69375,
    "f1_macro": 0.5994002525252525,
    "f1_micro": 0.6216216216216216,
    "confusion_matrix": [
      [
        100,
        78
      ],
      [
        118,
        222
      ]
    ],
    "roc_auc": 0.6280237937871778,
    "pr_auc": 0.7341321728828212,
    "@tau": {
      "threshold": 0.8668684959411621,
      "TP": 222,
      "TN": 100,
      "FP": 78,
      "FN": 118,
      "accuracy": 0.6216216216216216,
      "precision": 0.74,
      "recall": 0.6529411764705882,
      "youden": 0.214738929279577,
      "f1_pos": 0.69375,
      "f1_macro": 0.5994002525252525,
      "f1_micro": 0.6216216216216216,
      "confusion_matrix": [
        [
          100,
          78
        ],
        [
          118,
          222
        ]
      ]
    },
    "discrete_from_tau": {
      "accuracy": 0.6216216216216216,
      "precision": 0.74,
      "recall": 0.6529411764705882,
      "youden": 0.214738929279577,
      "f1_pos": 0.69375,
      "f1_macro": 0.5994002525252525,
      "f1_micro": 0.6216216216216216
    },
    "roc_auc_boot": {
      "auc": 0.6279242700958492,
      "ci95": [
        0.5762293846143512,
        0.6792933121983273
      ],
      "mean": 0.6279242700958492,
      "median": 0.6276357884380713,
      "n_boot": 2000
    },
    "pr_auc_boot": {
      "ap": 0.7366927207445494,
      "ci95": [
        0.693215354702126,
        0.7797616984391206
      ],
      "mean": 0.7366927207445494,
      "median": 0.7372604616220406,
      "n_boot": 2000
    },
    "discrete_boot": {
      "accuracy": {
        "mean": 0.6216718146718146,
        "median": 0.6225868725868726,
        "ci95": [
          0.581081081081081,
          0.6640926640926641
        ],
        "n_boot": 2000
      },
      "precision": {
        "mean": 0.7398762146824607,
        "median": 0.7397260273972602,
        "ci95": [
          0.6874949104234528,
          0.7891245972073039
        ],
        "n_boot": 2000
      },
      "recall": {
        "mean": 0.6530539617894533,
        "median": 0.6533521099244595,
        "ci95": [
          0.602373019591511,
          0.7027797619047619
        ],
        "n_boot": 2000
      },
      "youden": {
        "mean": 0.2149079126960775,
        "median": 0.2153365755198484,
        "ci95": [
          0.12509509914359426,
          0.3064828706717515
        ],
        "n_boot": 2000
      },
      "f1_pos": {
        "mean": 0.6934217591429022,
        "median": 0.6942675159235668,
        "ci95": [
          0.6507157864065758,
          0.7352974149300976
        ],
        "n_boot": 2000
      },
      "f1_macro": {
        "mean": 0.5990084081324308,
        "median": 0.5994765954915839,
        "ci95": [
          0.5552989650986776,
          0.6436597110754414
        ],
        "n_boot": 2000
      },
      "f1_micro": {
        "mean": 0.6216718146718146,
        "median": 0.6225868725868726,
        "ci95": [
          0.581081081081081,
          0.6640926640926641
        ],
        "n_boot": 2000
      }
    },
    "@tau_boot": {
      "precision_at_t": {
        "mean": 0.7398762146824607,
        "median": 0.7397260273972602,
        "ci95": [
          0.6874949104234528,
          0.7891245972073039
        ],
        "n_boot": 2000
      },
      "recall_at_t": {
        "mean": 0.6530539617894533,
        "median": 0.6533521099244595,
        "ci95": [
          0.602373019591511,
          0.7027797619047619
        ],
        "n_boot": 2000
      },
      "f1_at_t": {
        "mean": 0.6934217591429022,
        "median": 0.6942675159235668,
        "ci95": [
          0.6507157864065758,
          0.7352974149300976
        ],