{
  "clip_metrics": {
    "samples": 46001,
    "accuracy": 0.6041607791134975,
    "precision": 0.6520958257292663,
    "recall": 0.7840822013235806,
    "f1": 0.7120241653619269,
    "f1_macro": 0.5395649657924299,
    "f1_micro": 0.6041607791134975,
    "confusion_matrix": [
      [
        5281,
        12010
      ],
      [
        6199,
        22511
      ]
    ],
    "roc_auc": 0.5675726944721777,
    "pr_auc": 0.6696586453527533,
    "@tau": {
      "threshold": 0.5499999999999999,
      "TP": 19982,
      "TN": 7008,
      "FP": 10283,
      "FN": 8728,
      "accuracy": 0.5867263755135758,
      "precision": 0.6602345944159921,
      "recall": 0.6959944270289098,
      "youden": 0.10129198066953204,
      "f1_pos": 0.6776430690970751,
      "f1_macro": 0.5510115608906213,
      "f1_micro": 0.5867263755135758,
      "confusion_matrix": [
        [
          7008,
          10283
        ],
        [
          8728,
          19982
        ]
      ]
    },
    "discrete_from_tau": {
      "accuracy": 0.5867263755135758,
      "precision": 0.6602345944159921,
      "recall": 0.6959944270289098,
      "youden": 0.10129198066953204,
      "f1_pos": 0.6776430690970751,
      "f1_macro": 0.5510115608906213,
      "f1_micro": 0.5867263755135758
    },
    "roc_auc_boot": {
      "auc": 0.5675839443305432,
      "ci95": [
        0.5622732984734812,
        0.5730535676133627
      ],
      "mean": 0.5675839443305432,
      "median": 0.5675944889599083,
      "n_boot": 2000
    },
    "pr_auc_boot": {
      "ap": 0.6697374117415297,
      "ci95": [
        0.6652686952026126,
        0.6743016678162213
      ],
      "mean": 0.6697374117415297,
      "median": 0.6697266869280334,
      "n_boot": 2000
    },
    "discrete_boot": {
      "accuracy": {
        "mean": 0.5867279298276123,
        "median": 0.5866828981978652,
        "ci95": [
          0.5822699506532467,
          0.5913577965696398
        ],
        "n_boot": 2000
      },
      "precision": {
        "mean": 0.6602082432841653,
        "median": 0.660206651227055,
        "ci95": [
          0.6552064624970831,
          0.6655760513374099
        ],
        "n_boot": 2000
      },
      "recall": {
        "mean": 0.695972704539386,
        "median": 0.6960400886284588,
        "ci95": [
          0.6905676894249453,
          0.7013141423893913
        ],
        "n_boot": 2000
      },
      "youden": {
        "mean": 0.10135066644880668,
        "median": 0.10120899945635103,
        "ci95": [
          0.0923158065469621,
          0.11058618366626206
        ],
        "n_boot": 2000
      },
      "f1_pos": {
        "mean": 0.6776151086068355,
        "median": 0.6775938735315696,
        "ci95": [
          0.6733112023934789,
          0.6820315636403158
        ],
        "n_boot": 2000
      },
      "f1_macro": {
        "mean": 0.5510354309740754,
        "median": 0.5509814274696745,
        "ci95": [
          0.5464055720077198,
          0.555737372462655
        ],
        "n_boot": 2000
      },
      "f1_micro": {
        "mean": 0.5867279298276123,
        "median": 0.5866828981978652,
        "ci95": [
          0.5822699506532467,
          0.5913577965696398
        ],
        "n_boot": 2000
      }
    },
    "@tau_boot": {
      "precision_at_t": {
        "mean": 0.6602082432841653,
        "median": 0.660206651227055,
        "ci95": [
          0.6552064624970831,
          0.6655760513374099
        ],
        "n_boot": 2000
      },
      "recall_at_t": {
        "mean": 0.695972704539386,
        "median": 0.6960400886284588,
        "ci95": [
          0.6905676894249453,
          0.7013141423893913
        ],
        "n_boot": 2000
      },
      "f1_at_t": {
        "mean": 0.6776151086068355,
        "median": 0.6775938735315696,
        "ci95": [
          0.6733112023934789,
          0.6820315636403158
        ],
        "n_boot": 2000
      }
    }
  },
  "per_tech_clip_acc": {
    "Celeb-synthesis": {
      "accuracy": 0.7840822013235806,
      "clips": 28710
    },
    "REAL": {
      "accuracy": 0.3054190041061824,
      "clips": 17291
    }
  },
  "video_metrics_at_t": {
    "t_video": 0.5979888625442982,
    "samples": 518,
    "accuracy": 0.694980694980695,
    "precision": 0.7861635220125787,
    "recall": 0.7352941176470589,
    "f1": 0.7598784194528876,
    "f1_macro": 0.6709445007317347,
    "f1_micro": 0.694980694980695,
    "confusion_matrix": [
      [
        110,
        68
      ],
      [
        90,
        250
      ]
    ],
    "roc_auc": 0.7101619299405156,
    "pr_auc": 0.7969302729565317,
    "@tau": {
      "threshold": 0.5979888625442982,
      "TP": 250,
      "TN": 110,
      "FP": 68,
      "FN": 90,
      "accuracy": 0.694980694980695,
      "precision": 0.7861635220125787,
      "recall": 0.7352941176470589,
      "youden": 0.3532716457369465,
      "f1_pos": 0.7598784194528876,
      "f1_macro": 0.6709445007317347,
      "f1_micro": 0.694980694980695,
      "confusion_matrix": [
        [
          110,
          68
        ],
        [
          90,
          250
        ]
      ]
    },
    "discrete_from_tau": {
      "accuracy": 0.694980694980695,
      "precision": 0.7861635220125787,
      "recall": 0.7352941176470589,
      "youden": 0.3532716457369465,
      "f1_pos": 0.7598784194528876,
      "f1_macro": 0.6709445007317347,
      "f1_micro": 0.694980694980695
    },
    "roc_auc_boot": {
      "auc": 0.7105095134155501,
      "ci95": [
        0.6632794660696446,
        0.7573443885906725
      ],
      "mean": 0.7105095134155501,
      "median": 0.7107604562797263,
      "n_boot": 2000
    },
    "pr_auc_boot": {
      "ap": 0.7992351943147984,
      "ci95": [
        0.7569976094431932,
        0.8401532449138973
      ],
      "mean": 0.7992351943147984,
      "median": 0.7991373472057445,
      "n_boot": 2000
    },
    "discrete_boot": {
      "accuracy": {
        "mean": 0.6951805019305021,
        "median": 0.694980694980695,
        "ci95": [
          0.6544401544401545,
          0.7335907335907336
        ],
        "n_boot": 2000
      },
      "precision": {
        "mean": 0.7859493837262514,
        "median": 0.7870370370370371,
        "ci95": [
          0.7381665675613025,
          0.8316831683168316
        ],
        "n_boot": 2000
      },
      "recall": {
        "mean": 0.7358495597552792,
        "median": 0.7363896848137536,
        "ci95": [
          0.6873235076091222,
          0.7812546781437125
        ],
        "n_boot": 2000
      },
      "youden": {
        "mean": 0.3535249584286524,
        "median": 0.3532754661160203,
        "ci95": [
          0.26785358378679447,
          0.4389099640826361
        ],
        "n_boot": 2000
      },
      "f1_pos": {
        "mean": 0.7597889856939557,
        "median": 0.7606461086637298,
        "ci95": [
          0.7194906213780542,
          0.7954553468393384
        ],
        "n_boot": 2000
      },
      "f1_macro": {
        "mean": 0.6706739783628552,
        "median": 0.6705606264933028,
        "ci95": [
          0.6292458147692078,
          0.711283414576335
        ],
        "n_boot": 2000
      },
      "f1_micro": {
        "mean": 0.6951805019305021,
        "median": 0.694980694980695,
        "ci95": [
          0.6544401544401545,
          0.7335907335907336
        ],
        "n_boot": 2000
      }
    },
    "@tau_boot": {
      "precision_at_t": {
        "mean": 0.7859493837262514,
        "median": 0.7870370370370371,
        "ci95": [
          0.7381665675613025,
          0.8316831683168316
        ],
        "n_boot": 2000
      },
      "recall_at_t": {
        "mean": 0.7358495597552792,
        "median": 0.7363896848137536,
        "ci95": [
          0.6873235076091222,
          0.7812546781437125
        ],
        "n_boot": 2000
      },
      "f1_at_t": {
        "mean": 0.7597889856939557,
        "median": 0.7606461086637298,