{
  "clip_metrics": {
    "samples": 46001,
    "accuracy": 0.5867263755135758,
    "precision": 0.6602345944159921,
    "recall": 0.6959944270289098,
    "f1": 0.6776430690970751,
    "f1_macro": 0.5510115608906213,
    "f1_micro": 0.5867263755135758,
    "confusion_matrix": [
      [
        7008,
        10283
      ],
      [
        8728,
        19982
      ]
    ],
    "roc_auc": 0.5675726944721777,
    "pr_auc": 0.6696586453527533,
    "@tau": {
      "threshold": 0.5499999999999999,
      "TP": 19982,
      "TN": 7008,
      "FP": 10283,
      "FN": 8728,
      "accuracy": 0.5867263755135758,
      "precision": 0.6602345944159921,
      "recall": 0.6959944270289098,
      "youden": 0.10129198066953204,
      "f1_pos": 0.6776430690970751,
      "f1_macro": 0.5510115608906213,
      "f1_micro": 0.5867263755135758,
      "confusion_matrix": [
        [
          7008,
          10283
        ],
        [
          8728,
          19982
        ]
      ]
    },
    "discrete_from_tau": {
      "accuracy": 0.5867263755135758,
      "precision": 0.6602345944159921,
      "recall": 0.6959944270289098,
      "youden": 0.10129198066953204,
      "f1_pos": 0.6776430690970751,
      "f1_macro": 0.5510115608906213,
      "f1_micro": 0.5867263755135758
    },
    "roc_auc_boot": {
      "auc": 0.5675839443305432,
      "ci95": [
        0.5622732984734812,
        0.5730535676133627
      ],
      "mean": 0.5675839443305432,
      "median": 0.5675944889599083,
      "n_boot": 2000
    },
    "pr_auc_boot": {
      "ap": 0.6697374117415297,
      "ci95": [
        0.6652686952026126,
        0.6743016678162213
      ],
      "mean": 0.6697374117415297,
      "median": 0.6697266869280334,
      "n_boot": 2000
    },
    "discrete_boot": {
      "accuracy": {
        "mean": 0.5867279298276123,
        "median": 0.5866828981978652,
        "ci95": [
          0.5822699506532467,
          0.5913577965696398
        ],
        "n_boot": 2000
      },
      "precision": {
        "mean": 0.6602082432841653,
        "median": 0.660206651227055,
        "ci95": [
          0.6552064624970831,
          0.6655760513374099
        ],
        "n_boot": 2000
      },
      "recall": {
        "mean": 0.695972704539386,
        "median": 0.6960400886284588,
        "ci95": [
          0.6905676894249453,
          0.7013141423893913
        ],
        "n_boot": 2000
      },
      "youden": {
        "mean": 0.10135066644880668,
        "median": 0.10120899945635103,
        "ci95": [
          0.0923158065469621,
          0.11058618366626206
        ],
        "n_boot": 2000
      },
      "f1_pos": {
        "mean": 0.6776151086068355,
        "median": 0.6775938735315696,
        "ci95": [
          0.6733112023934789,
          0.6820315636403158
        ],
        "n_boot": 2000
      },
      "f1_macro": {
        "mean": 0.5510354309740754,
        "median": 0.5509814274696745,
        "ci95": [
          0.5464055720077198,
          0.555737372462655
        ],
        "n_boot": 2000
      },
      "f1_micro": {
        "mean": 0.5867279298276123,
        "median": 0.5866828981978652,
        "ci95": [
          0.5822699506532467,
          0.5913577965696398
        ],
        "n_boot": 2000
      }
    },
    "@tau_boot": {
      "precision_at_t": {
        "mean": 0.6602082432841653,
        "median": 0.660206651227055,
        "ci95": [
          0.6552064624970831,
          0.6655760513374099
        ],
        "n_boot": 2000
      },
      "recall_at_t": {
        "mean": 0.695972704539386,
        "median": 0.6960400886284588,
        "ci95": [
          0.6905676894249453,
          0.7013141423893913
        ],
        "n_boot": 2000
      },
      "f1_at_t": {
        "mean": 0.6776151086068355,
        "median": 0.6775938735315696,
        "ci95": [
          0.6733112023934789,
          0.6820315636403158
        ],
        "n_boot": 2000
      }
    }
  },
  "per_tech_clip_acc": {
    "Celeb-synthesis": {
      "accuracy": 0.6959944270289098,
      "clips": 28710
    },
    "REAL": {
      "accuracy": 0.4052975536406223,
      "clips": 17291
    }
  },
  "video_metrics_at_t": {
    "t_video": 0.8786554237206777,
    "samples": 518,
    "accuracy": 0.6042471042471043,
    "precision": 0.7689243027888446,
    "recall": 0.5676470588235294,
    "f1": 0.6531302876480541,
    "f1_macro": 0.5962280651723417,
    "f1_micro": 0.6042471042471043,
    "confusion_matrix": [
      [
        120,
        58
      ],
      [
        147,
        193
      ]
    ],
    "roc_auc": 0.6365168539325843,
    "pr_auc": 0.7348965870860256,
    "@tau": {
      "threshold": 0.8786554237206777,
      "TP": 193,
      "TN": 120,
      "FP": 58,
      "FN": 147,
      "accuracy": 0.6042471042471043,
      "precision": 0.7689243027888446,
      "recall": 0.5676470588235294,
      "youden": 0.2418043621943159,
      "f1_pos": 0.6531302876480541,
      "f1_macro": 0.5962280651723417,
      "f1_micro": 0.6042471042471043,
      "confusion_matrix": [
        [
          120,
          58
        ],
        [
          147,
          193
        ]
      ]
    },
    "discrete_from_tau": {
      "accuracy": 0.6042471042471043,
      "precision": 0.7689243027888446,
      "recall": 0.5676470588235294,
      "youden": 0.2418043621943159,
      "f1_pos": 0.6531302876480541,
      "f1_macro": 0.5962280651723417,
      "f1_micro": 0.6042471042471043
    },
    "roc_auc_boot": {
      "auc": 0.6365573780352566,
      "ci95": [
        0.583712948649012,
        0.6873426746733482
      ],
      "mean": 0.6365573780352566,
      "median": 0.6361188787299887,
      "n_boot": 2000
    },
    "pr_auc_boot": {
      "ap": 0.7383495298317875,
      "ci95": [
        0.6941790385889077,
        0.7832967846966538
      ],
      "mean": 0.7383495298317875,
      "median": 0.7378556287293911,
      "n_boot": 2000
    },
    "discrete_boot": {
      "accuracy": {
        "mean": 0.6044594594594593,
        "median": 0.6042471042471043,
        "ci95": [
          0.5617760617760618,
          0.6467181467181468
        ],
        "n_boot": 2000
      },
      "precision": {
        "mean": 0.7688992901906878,
        "median": 0.7686567164179104,
        "ci95": [
          0.716664979757085,
          0.8196784121600402
        ],
        "n_boot": 2000
      },
      "recall": {
        "mean": 0.5679124122473241,
        "median": 0.5678841352894908,
        "ci95": [
          0.515939731863175,
          0.6206948018528049
        ],
        "n_boot": 2000
      },
      "youden": {
        "mean": 0.24221268908361468,
        "median": 0.24264264264264263,
        "ci95": [
          0.15655024010555202,
          0.32771630438126537
        ],
        "n_boot": 2000
      },
      "f1_pos": {
        "mean": 0.6529070138782875,
        "median": 0.6531302876480541,
        "ci95": [
          0.6061678490898093,
          0.6963761263766826
        ],
        "n_boot": 2000
      },
      "f1_macro": {
        "mean": 0.5959963874456999,
        "median": 0.5958296111180216,
        "ci95": [
          0.5534264176859531,
          0.6387803165664391
        ],
        "n_boot": 2000
      },
      "f1_micro": {
        "mean": 0.6044594594594593,
        "median": 0.6042471042471043,
        "ci95": [
          0.5617760617760618,
          0.6467181467181468
        ],
        "n_boot": 2000
      }
    },
    "@tau_boot": {
      "precision_at_t": {
        "mean": 0.7688992901906878,
        "median": 0.7686567164179104,
        "ci95": [
          0.716664979757085,
          0.8196784121600402
        ],
        "n_boot": 2000
      },
      "recall_at_t": {
        "mean": 0.5679124122473241,
        "median": 0.5678841352894908,
        "ci95": [
          0.515939731863175,
          0.6206948018528049
        ],
        "n_boot": 2000
      },
      "f1_at_t": {
        "mean": 0.6529070138782875,
        "median": 0.6531302876480541,