{
  "clip_metrics": {
    "samples": 46001,
    "accuracy": 0.5867263755135758,
    "precision": 0.6602345944159921,
    "recall": 0.6959944270289098,
    "f1": 0.6776430690970751,
    "f1_macro": 0.5510115608906213,
    "f1_micro": 0.5867263755135758,
    "confusion_matrix": [
      [
        7008,
        10283
      ],
      [
        8728,
        19982
      ]
    ],
    "roc_auc": 0.5675726944721777,
    "pr_auc": 0.6696586453527533,
    "@tau": {
      "threshold": 0.5499999999999999,
      "TP": 19982,
      "TN": 7008,
      "FP": 10283,
      "FN": 8728,
      "accuracy": 0.5867263755135758,
      "precision": 0.6602345944159921,
      "recall": 0.6959944270289098,
      "youden": 0.10129198066953204,
      "f1_pos": 0.6776430690970751,
      "f1_macro": 0.5510115608906213,
      "f1_micro": 0.5867263755135758,
      "confusion_matrix": [
        [
          7008,
          10283
        ],
        [
          8728,
          19982
        ]
      ]
    },
    "discrete_from_tau": {
      "accuracy": 0.5867263755135758,
      "precision": 0.6602345944159921,
      "recall": 0.6959944270289098,
      "youden": 0.10129198066953204,
      "f1_pos": 0.6776430690970751,
      "f1_macro": 0.5510115608906213,
      "f1_micro": 0.5867263755135758
    },
    "roc_auc_boot": {
      "auc": 0.5675839443305432,
      "ci95": [
        0.5622732984734812,
        0.5730535676133627
      ],
      "mean": 0.5675839443305432,
      "median": 0.5675944889599083,
      "n_boot": 2000
    },
    "pr_auc_boot": {
      "ap": 0.6697374117415297,
      "ci95": [
        0.6652686952026126,
        0.6743016678162213
      ],
      "mean": 0.6697374117415297,
      "median": 0.6697266869280334,
      "n_boot": 2000
    },
    "discrete_boot": {
      "accuracy": {
        "mean": 0.5867279298276123,
        "median": 0.5866828981978652,
        "ci95": [
          0.5822699506532467,
          0.5913577965696398
        ],
        "n_boot": 2000
      },
      "precision": {
        "mean": 0.6602082432841653,
        "median": 0.660206651227055,
        "ci95": [
          0.6552064624970831,
          0.6655760513374099
        ],
        "n_boot": 2000
      },
      "recall": {
        "mean": 0.695972704539386,
        "median": 0.6960400886284588,
        "ci95": [
          0.6905676894249453,
          0.7013141423893913
        ],
        "n_boot": 2000
      },
      "youden": {
        "mean": 0.10135066644880668,
        "median": 0.10120899945635103,
        "ci95": [
          0.0923158065469621,
          0.11058618366626206
        ],
        "n_boot": 2000
      },
      "f1_pos": {
        "mean": 0.6776151086068355,
        "median": 0.6775938735315696,
        "ci95": [
          0.6733112023934789,
          0.6820315636403158
        ],
        "n_boot": 2000
      },
      "f1_macro": {
        "mean": 0.5510354309740754,
        "median": 0.5509814274696745,
        "ci95": [
          0.5464055720077198,
          0.555737372462655
        ],
        "n_boot": 2000
      },
      "f1_micro": {
        "mean": 0.5867279298276123,
        "median": 0.5866828981978652,
        "ci95": [
          0.5822699506532467,
          0.5913577965696398
        ],
        "n_boot": 2000
      }
    },
    "@tau_boot": {
      "precision_at_t": {
        "mean": 0.6602082432841653,
        "median": 0.660206651227055,
        "ci95": [
          0.6552064624970831,
          0.6655760513374099
        ],
        "n_boot": 2000
      },
      "recall_at_t": {
        "mean": 0.695972704539386,
        "median": 0.6960400886284588,
        "ci95": [
          0.6905676894249453,
          0.7013141423893913
        ],
        "n_boot": 2000
      },
      "f1_at_t": {
        "mean": 0.6776151086068355,
        "median": 0.6775938735315696,
        "ci95": [
          0.6733112023934789,
          0.6820315636403158
        ],
        "n_boot": 2000
      }
    }
  },
  "per_tech_clip_acc": {
    "Celeb-synthesis": {
      "accuracy": 0.6959944270289098,
      "clips": 28710
    },
    "REAL": {
      "accuracy": 0.4052975536406223,
      "clips": 17291
    }
  },
  "video_metrics_at_t": {
    "t_video": 0.6137946844100952,
    "samples": 518,
    "accuracy": 0.6737451737451737,
    "precision": 0.7731629392971247,
    "recall": 0.711764705882353,
    "f1": 0.7411944869831547,
    "f1_macro": 0.6499706116377915,
    "f1_micro": 0.6737451737451737,
    "confusion_matrix": [
      [
        107,
        71
      ],
      [
        98,
        242
      ]
    ],
    "roc_auc": 0.7017762723066755,
    "pr_auc": 0.7964011663556165,
    "@tau": {
      "threshold": 0.6137946844100952,
      "TP": 242,
      "TN": 107,
      "FP": 71,
      "FN": 98,
      "accuracy": 0.6737451737451737,
      "precision": 0.7731629392971247,
      "recall": 0.711764705882353,
      "youden": 0.31288830138797097,
      "f1_pos": 0.7411944869831547,
      "f1_macro": 0.6499706116377915,
      "f1_micro": 0.6737451737451737,
      "confusion_matrix": [
        [
          107,
          71
        ],
        [
          98,
          242
        ]
      ]
    },
    "discrete_from_tau": {
      "accuracy": 0.6737451737451737,
      "precision": 0.7731629392971247,
      "recall": 0.711764705882353,
      "youden": 0.31288830138797097,
      "f1_pos": 0.7411944869831547,
      "f1_macro": 0.6499706116377915,
      "f1_micro": 0.6737451737451737
    },
    "roc_auc_boot": {
      "auc": 0.7018840067560422,
      "ci95": [
        0.6544683102648466,
        0.7505867394499893
      ],
      "mean": 0.7018840067560422,
      "median": 0.7017216285497976,
      "n_boot": 2000
    },
    "pr_auc_boot": {
      "ap": 0.7984731527648842,
      "ci95": [
        0.7555255269891609,
        0.8369377462808556
      ],
      "mean": 0.7984731527648842,
      "median": 0.7981270012514508,
      "n_boot": 2000
    },
    "discrete_boot": {
      "accuracy": {
        "mean": 0.6737557915057916,
        "median": 0.6737451737451737,
        "ci95": [
          0.6312741312741312,
          0.7142857142857143
        ],
        "n_boot": 2000
      },
      "precision": {
        "mean": 0.7728299700909171,
        "median": 0.7736744772295231,
        "ci95": [
          0.7249169218739819,
          0.8196803278688525
        ],
        "n_boot": 2000
      },
      "recall": {
        "mean": 0.7120597367280235,
        "median": 0.7125748502994012,
        "ci95": [
          0.6645942028985508,
          0.7579250720461095
        ],
        "n_boot": 2000
      },
      "youden": {
        "mean": 0.31280215091476327,
        "median": 0.31345297559583274,
        "ci95": [
          0.22577128112683745,
          0.3985019790337074
        ],
        "n_boot": 2000
      },
      "f1_pos": {
        "mean": 0.7409191315905054,
        "median": 0.7415384615384616,
        "ci95": [
          0.7015820754029023,
          0.7786065780259944
        ],
        "n_boot": 2000
      },
      "f1_macro": {
        "mean": 0.6495186032681218,
        "median": 0.6498402048624465,
        "ci95": [
          0.6068923389967498,
          0.690970890178806
        ],
        "n_boot": 2000
      },
      "f1_micro": {
        "mean": 0.6737557915057916,
        "median": 0.6737451737451737,
        "ci95": [
          0.6312741312741312,
          0.7142857142857143
        ],
        "n_boot": 2000
      }
    },
    "@tau_boot": {
      "precision_at_t": {
        "mean": 0.7728299700909171,
        "median": 0.7736744772295231,
        "ci95": [
          0.7249169218739819,
          0.8196803278688525
        ],
        "n_boot": 2000
      },
      "recall_at_t": {
        "mean": 0.7120597367280235,
        "median": 0.7125748502994012,
        "ci95": [
          0.6645942028985508,
          0.7579250720461095
        ],
        "n_boot": 2000
      },
      "f1_at_t": {
        "mean": 0.7409191315905054,
        "median": 0.7415384615384616,