{
  "clip_metrics": {
    "samples": 41908,
    "accuracy": 0.5125990264388661,
    "precision": 0.504928388607526,
    "recall": 0.44994419372058037,
    "f1": 0.47585322042596867,
    "f1_macro": 0.5101916951703942,
    "f1_micro": 0.5125990264388661,
    "confusion_matrix": [
      [
        12210,
        9091
      ],
      [
        11335,
        9272
      ]
    ],
    "roc_auc": 0.5131213676832458,
    "pr_auc": 0.5018166866035109,
    "@tau": {
      "threshold": 0.6,
      "TP": 9272,
      "TN": 12210,
      "FP": 9091,
      "FN": 11335,
      "accuracy": 0.5125990264388661,
      "precision": 0.504928388607526,
      "recall": 0.44994419372058037,
      "youden": 0.023156718954137456,
      "f1_pos": 0.47585322042596867,
      "f1_macro": 0.5101916951703942,
      "f1_micro": 0.5125990264388661,
      "confusion_matrix": [
        [
          12210,
          9091
        ],
        [
          11335,
          9272
        ]
      ]
    },
    "discrete_from_tau": {
      "accuracy": 0.5125990264388661,
      "precision": 0.504928388607526,
      "recall": 0.44994419372058037,
      "youden": 0.023156718954137456,
      "f1_pos": 0.47585322042596867,
      "f1_macro": 0.5101916951703942,
      "f1_micro": 0.5125990264388661
    },
    "roc_auc_boot": {
      "auc": 0.5131558333924191,
      "ci95": [
        0.5076762062653438,
        0.5185837399980493
      ],
      "mean": 0.5131558333924191,
      "median": 0.5131504433923252,
      "n_boot": 2000
    },
    "pr_auc_boot": {
      "ap": 0.5019696284660815,
      "ci95": [
        0.4969810913078317,
        0.5068686707495292
      ],
      "mean": 0.5019696284660815,
      "median": 0.5019198848294317,
      "n_boot": 2000
    },
    "discrete_boot": {
      "accuracy": {
        "mean": 0.5126509019757564,
        "median": 0.5126348191276129,
        "ci95": [
          0.507849933186981,
          0.5174429703159301
        ],
        "n_boot": 2000
      },
      "precision": {
        "mean": 0.5049412569310399,
        "median": 0.505036716011306,
        "ci95": [
          0.49781284785225144,
          0.5123301033262627
        ],
        "n_boot": 2000
      },
      "recall": {
        "mean": 0.4499313065090002,
        "median": 0.4500097450222802,
        "ci95": [
          0.44316591447774734,
          0.456694448704149
        ],
        "n_boot": 2000
      },
      "youden": {
        "mean": 0.023248966840016,
        "median": 0.023278686397586873,
        "ci95": [
          0.013746194689676404,
          0.03276472086631848
        ],
        "n_boot": 2000
      },
      "f1_pos": {
        "mean": 0.47584517769544604,
        "median": 0.47595132722345046,
        "ci95": [
          0.4698771146923204,
          0.4817732934177111
        ],
        "n_boot": 2000
      },
      "f1_macro": {
        "mean": 0.5102310085293936,
        "median": 0.5102417334378684,
        "ci95": [
          0.5054356430735446,
          0.514962320929424
        ],
        "n_boot": 2000
      },
      "f1_micro": {
        "mean": 0.5126509019757564,
        "median": 0.5126348191276129,
        "ci95": [
          0.507849933186981,
          0.5174429703159301
        ],
        "n_boot": 2000
      }
    },
    "@tau_boot": {
      "precision_at_t": {
        "mean": 0.5049412569310399,
        "median": 0.505036716011306,
        "ci95": [
          0.49781284785225144,
          0.5123301033262627
        ],
        "n_boot": 2000
      },
      "recall_at_t": {
        "mean": 0.4499313065090002,
        "median": 0.4500097450222802,
        "ci95": [
          0.44316591447774734,
          0.456694448704149
        ],
        "n_boot": 2000
      },
      "f1_at_t": {
        "mean": 0.47584517769544604,
        "median": 0.47595132722345046,
        "ci95": [
          0.4698771146923204,
          0.4817732934177111
        ],
        "n_boot": 2000
      }
    }
  },
  "per_tech_clip_acc": {
    "deepfakes": {
      "accuracy": 0.44994419372058037,
      "clips": 20607
    },
    "REAL": {
      "accuracy": 0.5732125252335571,
      "clips": 21301
    }
  },
  "video_metrics_at_t": {
    "t_video": 0.6702297608238852,
    "samples": 495,
    "accuracy": 0.5353535353535354,
    "precision": 0.6136363636363636,
    "recall": 0.216,
    "f1": 0.31952662721893493,
    "f1_macro": 0.483382945511308,
    "f1_micro": 0.5353535353535354,
    "confusion_matrix": [
      [
        211,
        34
      ],
      [
        196,
        54
      ]
    ],
    "roc_auc": 0.5376816326530613,
    "pr_auc": 0.5550470522380531,
    "@tau": {
      "threshold": 0.6702297608238852,
      "TP": 54,
      "TN": 211,
      "FP": 34,
      "FN": 196,
      "accuracy": 0.5353535353535354,
      "precision": 0.6136363636363636,
      "recall": 0.216,
      "youden": 0.07722448979591837,
      "f1_pos": 0.31952662721893493,
      "f1_macro": 0.483382945511308,
      "f1_micro": 0.5353535353535354,
      "confusion_matrix": [
        [
          211,
          34
        ],
        [
          196,
          54
        ]
      ]
    },
    "discrete_from_tau": {
      "accuracy": 0.5353535353535354,
      "precision": 0.6136363636363636,
      "recall": 0.216,
      "youden": 0.07722448979591837,
      "f1_pos": 0.31952662721893493,
      "f1_macro": 0.483382945511308,
      "f1_micro": 0.5353535353535354
    },
    "roc_auc_boot": {
      "auc": 0.5383693604834233,
      "ci95": [
        0.48796336027262077,
        0.5872962310194525
      ],
      "mean": 0.5383693604834233,
      "median": 0.5386559283601202,
      "n_boot": 2000
    },
    "pr_auc_boot": {
      "ap": 0.5595138281077647,
      "ci95": [
        0.5111101616119679,
        0.6092538686577262
      ],
      "mean": 0.5595138281077647,
      "median": 0.5592263654880247,
      "n_boot": 2000
    },
    "discrete_boot": {
      "accuracy": {
        "mean": 0.5357767676767677,
        "median": 0.5353535353535354,
        "ci95": [
          0.49292929292929294,
          0.5797979797979798
        ],
        "n_boot": 2000
      },
      "precision": {
        "mean": 0.6155420489767505,
        "median": 0.616220342964529,
        "ci95": [
          0.5154639175257731,
          0.7143207282913163
        ],
        "n_boot": 2000
      },
      "recall": {
        "mean": 0.2162681295996735,
        "median": 0.21541588492808006,
        "ci95": [
          0.1680854114251887,
          0.2677165354330709
        ],
        "n_boot": 2000
      },
      "youden": {
        "mean": 0.07835150217104576,
        "median": 0.0780275862661567,
        "ci95": [
          0.011865021113460664,
          0.14314900113710474
        ],
        "n_boot": 2000
      },
      "f1_pos": {
        "mean": 0.31945794754972545,
        "median": 0.3189294923090602,
        "ci95": [
          0.25588124232984044,
          0.38309859154929576
        ],
        "n_boot": 2000
      },
      "f1_macro": {
        "mean": 0.48333877910259876,
        "median": 0.4825889069611561,
        "ci95": [
          0.44267059844694173,
          0.5258289371933713
        ],
        "n_boot": 2000
      },
      "f1_micro": {
        "mean": 0.5357767676767677,
        "median": 0.5353535353535354,
        "ci95": [
          0.49292929292929294,
          0.5797979797979798
        ],
        "n_boot": 2000
      }
    },
    "@tau_boot": {
      "precision_at_t": {
        "mean": 0.6155420489767505,
        "median": 0.616220342964529,
        "ci95": [
          0.5154639175257731,
          0.7143207282913163
        ],
        "n_boot": 2000
      },
      "recall_at_t": {
        "mean": 0.2162681295996735,
        "median": 0.21541588492808006,
        "ci95": [
          0.1680854114251887,
          0.2677165354330709
        ],
        "n_boot": 2000
      },
      "f1_at_t": {
        "mean": 0.31945794754972545,
        "median": 0.3189294923090602,