{
  "clip_metrics": {
    "samples": 41908,
    "accuracy": 0.5125990264388661,
    "precision": 0.504928388607526,
    "recall": 0.44994419372058037,
    "f1": 0.47585322042596867,
    "f1_macro": 0.5101916951703942,
    "f1_micro": 0.5125990264388661,
    "confusion_matrix": [
      [
        12210,
        9091
      ],
      [
        11335,
        9272
      ]
    ],
    "roc_auc": 0.5131213676832458,
    "pr_auc": 0.5018166866035109,
    "@tau": {
      "threshold": 0.6,
      "TP": 9272,
      "TN": 12210,
      "FP": 9091,
      "FN": 11335,
      "accuracy": 0.5125990264388661,
      "precision": 0.504928388607526,
      "recall": 0.44994419372058037,
      "youden": 0.023156718954137456,
      "f1_pos": 0.47585322042596867,
      "f1_macro": 0.5101916951703942,
      "f1_micro": 0.5125990264388661,
      "confusion_matrix": [
        [
          12210,
          9091
        ],
        [
          11335,
          9272
        ]
      ]
    },
    "discrete_from_tau": {
      "accuracy": 0.5125990264388661,
      "precision": 0.504928388607526,
      "recall": 0.44994419372058037,
      "youden": 0.023156718954137456,
      "f1_pos": 0.47585322042596867,
      "f1_macro": 0.5101916951703942,
      "f1_micro": 0.5125990264388661
    },
    "roc_auc_boot": {
      "auc": 0.5131558333924191,
      "ci95": [
        0.5076762062653438,
        0.5185837399980493
      ],
      "mean": 0.5131558333924191,
      "median": 0.5131504433923252,
      "n_boot": 2000
    },
    "pr_auc_boot": {
      "ap": 0.5019696284660815,
      "ci95": [
        0.4969810913078317,
        0.5068686707495292
      ],
      "mean": 0.5019696284660815,
      "median": 0.5019198848294317,
      "n_boot": 2000
    },
    "discrete_boot": {
      "accuracy": {
        "mean": 0.5126509019757564,
        "median": 0.5126348191276129,
        "ci95": [
          0.507849933186981,
          0.5174429703159301
        ],
        "n_boot": 2000
      },
      "precision": {
        "mean": 0.5049412569310399,
        "median": 0.505036716011306,
        "ci95": [
          0.49781284785225144,
          0.5123301033262627
        ],
        "n_boot": 2000
      },
      "recall": {
        "mean": 0.4499313065090002,
        "median": 0.4500097450222802,
        "ci95": [
          0.44316591447774734,
          0.456694448704149
        ],
        "n_boot": 2000
      },
      "youden": {
        "mean": 0.023248966840016,
        "median": 0.023278686397586873,
        "ci95": [
          0.013746194689676404,
          0.03276472086631848
        ],
        "n_boot": 2000
      },
      "f1_pos": {
        "mean": 0.47584517769544604,
        "median": 0.47595132722345046,
        "ci95": [
          0.4698771146923204,
          0.4817732934177111
        ],
        "n_boot": 2000
      },
      "f1_macro": {
        "mean": 0.5102310085293936,
        "median": 0.5102417334378684,
        "ci95": [
          0.5054356430735446,
          0.514962320929424
        ],
        "n_boot": 2000
      },
      "f1_micro": {
        "mean": 0.5126509019757564,
        "median": 0.5126348191276129,
        "ci95": [
          0.507849933186981,
          0.5174429703159301
        ],
        "n_boot": 2000
      }
    },
    "@tau_boot": {
      "precision_at_t": {
        "mean": 0.5049412569310399,
        "median": 0.505036716011306,
        "ci95": [
          0.49781284785225144,
          0.5123301033262627
        ],
        "n_boot": 2000
      },
      "recall_at_t": {
        "mean": 0.4499313065090002,
        "median": 0.4500097450222802,
        "ci95": [
          0.44316591447774734,
          0.456694448704149
        ],
        "n_boot": 2000
      },
      "f1_at_t": {
        "mean": 0.47584517769544604,
        "median": 0.47595132722345046,
        "ci95": [
          0.4698771146923204,
          0.4817732934177111
        ],
        "n_boot": 2000
      }
    }
  },
  "per_tech_clip_acc": {
    "deepfakes": {
      "accuracy": 0.44994419372058037,
      "clips": 20607
    },
    "REAL": {
      "accuracy": 0.5732125252335571,
      "clips": 21301
    }
  },
  "video_metrics_at_t": {
    "t_video": 0.6702297608238852,
    "samples": 495,
    "accuracy": 0.5414141414141415,
    "precision": 0.6263736263736264,
    "recall": 0.228,
    "f1": 0.3343108504398827,
    "f1_macro": 0.4922709876236393,
    "f1_micro": 0.5414141414141415,
    "confusion_matrix": [
      [
        211,
        34
      ],
      [
        193,
        57
      ]
    ],
    "roc_auc": 0.5396734693877552,
    "pr_auc": 0.5624304893968277,
    "@tau": {
      "threshold": 0.6702297608238852,
      "TP": 57,
      "TN": 211,
      "FP": 34,
      "FN": 193,
      "accuracy": 0.5414141414141415,
      "precision": 0.6263736263736264,
      "recall": 0.228,
      "youden": 0.08922448979591838,
      "f1_pos": 0.3343108504398827,
      "f1_macro": 0.4922709876236393,
      "f1_micro": 0.5414141414141415,
      "confusion_matrix": [
        [
          211,
          34
        ],
        [
          193,
          57
        ]
      ]
    },
    "discrete_from_tau": {
      "accuracy": 0.5414141414141415,
      "precision": 0.6263736263736264,
      "recall": 0.228,
      "youden": 0.08922448979591838,
      "f1_pos": 0.3343108504398827,
      "f1_macro": 0.4922709876236393,
      "f1_micro": 0.5414141414141415
    },
    "roc_auc_boot": {
      "auc": 0.5403584024236284,
      "ci95": [
        0.48913546850386996,
        0.5889429910491875
      ],
      "mean": 0.5403584024236284,
      "median": 0.5410413943355119,
      "n_boot": 2000
    },
    "pr_auc_boot": {
      "ap": 0.5666793549865388,
      "ci95": [
        0.5171030339471298,
        0.6158680438435449
      ],
      "mean": 0.5666793549865388,
      "median": 0.5665007557857515,
      "n_boot": 2000
    },
    "discrete_boot": {
      "accuracy": {
        "mean": 0.5418282828282829,
        "median": 0.5414141414141415,
        "ci95": [
          0.498989898989899,
          0.5878787878787879
        ],
        "n_boot": 2000
      },
      "precision": {
        "mean": 0.6282275869805771,
        "median": 0.6292134831460674,
        "ci95": [
          0.5287356321839081,
          0.7261960916442048
        ],
        "n_boot": 2000
      },
      "recall": {
        "mean": 0.22825955835265363,
        "median": 0.22764227642276422,
        "ci95": [
          0.18007471264367816,
          0.28000389105058365
        ],
        "n_boot": 2000
      },
      "youden": {
        "mean": 0.0903429309240259,
        "median": 0.09038186307813226,
        "ci95": [
          0.0249764510385079,
          0.15679405116665648
        ],
        "n_boot": 2000
      },
      "f1_pos": {
        "mean": 0.33422786289451845,
        "median": 0.33379758588672237,
        "ci95": [
          0.27151220777148327,
          0.39650739954366837
        ],
        "n_boot": 2000
      },
      "f1_macro": {
        "mean": 0.49221861493144614,
        "median": 0.4916134613438969,
        "ci95": [
          0.4503563374238778,
          0.5359655259478134
        ],
        "n_boot": 2000
      },
      "f1_micro": {
        "mean": 0.5418282828282829,
        "median": 0.5414141414141415,
        "ci95": [
          0.498989898989899,
          0.5878787878787879
        ],
        "n_boot": 2000
      }
    },
    "@tau_boot": {
      "precision_at_t": {
        "mean": 0.6282275869805771,
        "median": 0.6292134831460674,
        "ci95": [
          0.5287356321839081,
          0.7261960916442048
        ],
        "n_boot": 2000
      },
      "recall_at_t": {
        "mean": 0.22825955835265363,
        "median": 0.22764227642276422,
        "ci95": [
          0.18007471264367816,
          0.28000389105058365
        ],
        "n_boot": 2000
      },
      "f1_at_t": {
        "mean": 0.33422786289451845,
        "median": 0.33379758588672237,