{
  "clip_metrics": {
    "samples": 41908,
    "accuracy": 0.5125990264388661,
    "precision": 0.504928388607526,
    "recall": 0.44994419372058037,
    "f1": 0.47585322042596867,
    "f1_macro": 0.5101916951703942,
    "f1_micro": 0.5125990264388661,
    "confusion_matrix": [
      [
        12210,
        9091
      ],
      [
        11335,
        9272
      ]
    ],
    "roc_auc": 0.5131213676832458,
    "pr_auc": 0.5018166866035109,
    "@tau": {
      "threshold": 0.6,
      "TP": 9272,
      "TN": 12210,
      "FP": 9091,
      "FN": 11335,
      "accuracy": 0.5125990264388661,
      "precision": 0.504928388607526,
      "recall": 0.44994419372058037,
      "youden": 0.023156718954137456,
      "f1_pos": 0.47585322042596867,
      "f1_macro": 0.5101916951703942,
      "f1_micro": 0.5125990264388661,
      "confusion_matrix": [
        [
          12210,
          9091
        ],
        [
          11335,
          9272
        ]
      ]
    },
    "discrete_from_tau": {
      "accuracy": 0.5125990264388661,
      "precision": 0.504928388607526,
      "recall": 0.44994419372058037,
      "youden": 0.023156718954137456,
      "f1_pos": 0.47585322042596867,
      "f1_macro": 0.5101916951703942,
      "f1_micro": 0.5125990264388661
    },
    "roc_auc_boot": {
      "auc": 0.5131558333924191,
      "ci95": [
        0.5076762062653438,
        0.5185837399980493
      ],
      "mean": 0.5131558333924191,
      "median": 0.5131504433923252,
      "n_boot": 2000
    },
    "pr_auc_boot": {
      "ap": 0.5019696284660815,
      "ci95": [
        0.4969810913078317,
        0.5068686707495292
      ],
      "mean": 0.5019696284660815,
      "median": 0.5019198848294317,
      "n_boot": 2000
    },
    "discrete_boot": {
      "accuracy": {
        "mean": 0.5126509019757564,
        "median": 0.5126348191276129,
        "ci95": [
          0.507849933186981,
          0.5174429703159301
        ],
        "n_boot": 2000
      },
      "precision": {
        "mean": 0.5049412569310399,
        "median": 0.505036716011306,
        "ci95": [
          0.49781284785225144,
          0.5123301033262627
        ],
        "n_boot": 2000
      },
      "recall": {
        "mean": 0.4499313065090002,
        "median": 0.4500097450222802,
        "ci95": [
          0.44316591447774734,
          0.456694448704149
        ],
        "n_boot": 2000
      },
      "youden": {
        "mean": 0.023248966840016,
        "median": 0.023278686397586873,
        "ci95": [
          0.013746194689676404,
          0.03276472086631848
        ],
        "n_boot": 2000
      },
      "f1_pos": {
        "mean": 0.47584517769544604,
        "median": 0.47595132722345046,
        "ci95": [
          0.4698771146923204,
          0.4817732934177111
        ],
        "n_boot": 2000
      },
      "f1_macro": {
        "mean": 0.5102310085293936,
        "median": 0.5102417334378684,
        "ci95": [
          0.5054356430735446,
          0.514962320929424
        ],
        "n_boot": 2000
      },
      "f1_micro": {
        "mean": 0.5126509019757564,
        "median": 0.5126348191276129,
        "ci95": [
          0.507849933186981,
          0.5174429703159301
        ],
        "n_boot": 2000
      }
    },
    "@tau_boot": {
      "precision_at_t": {
        "mean": 0.5049412569310399,
        "median": 0.505036716011306,
        "ci95": [
          0.49781284785225144,
          0.5123301033262627
        ],
        "n_boot": 2000
      },
      "recall_at_t": {
        "mean": 0.4499313065090002,
        "median": 0.4500097450222802,
        "ci95": [
          0.44316591447774734,
          0.456694448704149
        ],
        "n_boot": 2000
      },
      "f1_at_t": {
        "mean": 0.47584517769544604,
        "median": 0.47595132722345046,
        "ci95": [
          0.4698771146923204,
          0.4817732934177111
        ],
        "n_boot": 2000
      }
    }
  },
  "per_tech_clip_acc": {
    "deepfakes": {
      "accuracy": 0.44994419372058037,
      "clips": 20607
    },
    "REAL": {
      "accuracy": 0.5732125252335571,
      "clips": 21301
    }
  },
  "video_metrics_at_t": {
    "t_video": 0.8304989337921143,
    "samples": 495,
    "accuracy": 0.5393939393939394,
    "precision": 0.5873015873015873,
    "recall": 0.296,
    "f1": 0.39361702127659576,
    "f1_macro": 0.5111407581953011,
    "f1_micro": 0.5393939393939394,
    "confusion_matrix": [
      [
        193,
        52
      ],
      [
        176,
        74
      ]
    ],
    "roc_auc": 0.5067591836734694,
    "pr_auc": 0.543234486673757,
    "@tau": {
      "threshold": 0.8304989337921143,
      "TP": 74,
      "TN": 193,
      "FP": 52,
      "FN": 176,
      "accuracy": 0.5393939393939394,
      "precision": 0.5873015873015873,
      "recall": 0.296,
      "youden": 0.08375510204081632,
      "f1_pos": 0.39361702127659576,
      "f1_macro": 0.5111407581953011,
      "f1_micro": 0.5393939393939394,
      "confusion_matrix": [
        [
          193,
          52
        ],
        [
          176,
          74
        ]
      ]
    },
    "discrete_from_tau": {
      "accuracy": 0.5393939393939394,
      "precision": 0.5873015873015873,
      "recall": 0.296,
      "youden": 0.08375510204081632,
      "f1_pos": 0.39361702127659576,
      "f1_macro": 0.5111407581953011,
      "f1_micro": 0.5393939393939394
    },
    "roc_auc_boot": {
      "auc": 0.5073921612885903,
      "ci95": [
        0.4547581317446772,
        0.556879567391777
      ],
      "mean": 0.5073921612885903,
      "median": 0.5077893760616369,
      "n_boot": 2000
    },
    "pr_auc_boot": {
      "ap": 0.5469259514992499,
      "ci95": [
        0.4996712582819169,
        0.5947471941947872
      ],
      "mean": 0.5469259514992499,
      "median": 0.5472616655850345,
      "n_boot": 2000
    },
    "discrete_boot": {
      "accuracy": {
        "mean": 0.5401242424242423,
        "median": 0.5393939393939394,
        "ci95": [
          0.49696969696969695,
          0.5838383838383838
        ],
        "n_boot": 2000
      },
      "precision": {
        "mean": 0.5891364284433945,
        "median": 0.5901639344262295,
        "ci95": [
          0.5,
          0.6761921891058582
        ],
        "n_boot": 2000
      },
      "recall": {
        "mean": 0.2967385608618109,
        "median": 0.2962962962962963,
        "ci95": [
          0.24065505484254882,
          0.3547101449275362
        ],
        "n_boot": 2000
      },
      "youden": {
        "mean": 0.08543202243418511,
        "median": 0.08463854024495766,
        "ci95": [
          0.010643037614729772,
          0.1609007794056759
        ],
        "n_boot": 2000
      },
      "f1_pos": {
        "mean": 0.3940518903498547,
        "median": 0.39382213800140464,
        "ci95": [
          0.33066666666666666,
          0.45729044156954984
        ],
        "n_boot": 2000
      },
      "f1_macro": {
        "mean": 0.51144004992442,
        "median": 0.5112017575402621,
        "ci95": [
          0.4683804318168225,
          0.5558441558441558
        ],
        "n_boot": 2000
      },
      "f1_micro": {
        "mean": 0.5401242424242423,
        "median": 0.5393939393939394,
        "ci95": [
          0.49696969696969695,
          0.5838383838383838
        ],
        "n_boot": 2000
      }
    },
    "@tau_boot": {
      "precision_at_t": {
        "mean": 0.5891364284433945,
        "median": 0.5901639344262295,
        "ci95": [
          0.5,
          0.6761921891058582
        ],
        "n_boot": 2000
      },
      "recall_at_t": {
        "mean": 0.2967385608618109,
        "median": 0.2962962962962963,
        "ci95": [
          0.24065505484254882,
          0.3547101449275362
        ],
        "n_boot": 2000
      },
      "f1_at_t": {
        "mean": 0.3940518903498547,
        "median": 0.39382213800140464,
        "ci95": [
          0.33066666666666666,
          0.45729044156954984
        ],