{
  "clip_metrics": {
    "samples": 41908,
    "accuracy": 0.5125990264388661,
    "precision": 0.504928388607526,
    "recall": 0.44994419372058037,
    "f1": 0.47585322042596867,
    "f1_macro": 0.5101916951703942,
    "f1_micro": 0.5125990264388661,
    "confusion_matrix": [
      [
        12210,
        9091
      ],
      [
        11335,
        9272
      ]
    ],
    "roc_auc": 0.5131213676832458,
    "pr_auc": 0.5018166866035109,
    "@tau": {
      "threshold": 0.6,
      "TP": 9272,
      "TN": 12210,
      "FP": 9091,
      "FN": 11335,
      "accuracy": 0.5125990264388661,
      "precision": 0.504928388607526,
      "recall": 0.44994419372058037,
      "youden": 0.023156718954137456,
      "f1_pos": 0.47585322042596867,
      "f1_macro": 0.5101916951703942,
      "f1_micro": 0.5125990264388661,
      "confusion_matrix": [
        [
          12210,
          9091
        ],
        [
          11335,
          9272
        ]
      ]
    },
    "discrete_from_tau": {
      "accuracy": 0.5125990264388661,
      "precision": 0.504928388607526,
      "recall": 0.44994419372058037,
      "youden": 0.023156718954137456,
      "f1_pos": 0.47585322042596867,
      "f1_macro": 0.5101916951703942,
      "f1_micro": 0.5125990264388661
    },
    "roc_auc_boot": {
      "auc": 0.5131558333924191,
      "ci95": [
        0.5076762062653438,
        0.5185837399980493
      ],
      "mean": 0.5131558333924191,
      "median": 0.5131504433923252,
      "n_boot": 2000
    },
    "pr_auc_boot": {
      "ap": 0.5019696284660815,
      "ci95": [
        0.4969810913078317,
        0.5068686707495292
      ],
      "mean": 0.5019696284660815,
      "median": 0.5019198848294317,
      "n_boot": 2000
    },
    "discrete_boot": {
      "accuracy": {
        "mean": 0.5126509019757564,
        "median": 0.5126348191276129,
        "ci95": [
          0.507849933186981,
          0.5174429703159301
        ],
        "n_boot": 2000
      },
      "precision": {
        "mean": 0.5049412569310399,
        "median": 0.505036716011306,
        "ci95": [
          0.49781284785225144,
          0.5123301033262627
        ],
        "n_boot": 2000
      },
      "recall": {
        "mean": 0.4499313065090002,
        "median": 0.4500097450222802,
        "ci95": [
          0.44316591447774734,
          0.456694448704149
        ],
        "n_boot": 2000
      },
      "youden": {
        "mean": 0.023248966840016,
        "median": 0.023278686397586873,
        "ci95": [
          0.013746194689676404,
          0.03276472086631848
        ],
        "n_boot": 2000
      },
      "f1_pos": {
        "mean": 0.47584517769544604,
        "median": 0.47595132722345046,
        "ci95": [
          0.4698771146923204,
          0.4817732934177111
        ],
        "n_boot": 2000
      },
      "f1_macro": {
        "mean": 0.5102310085293936,
        "median": 0.5102417334378684,
        "ci95": [
          0.5054356430735446,
          0.514962320929424
        ],
        "n_boot": 2000
      },
      "f1_micro": {
        "mean": 0.5126509019757564,
        "median": 0.5126348191276129,
        "ci95": [
          0.507849933186981,
          0.5174429703159301
        ],
        "n_boot": 2000
      }
    },
    "@tau_boot": {
      "precision_at_t": {
        "mean": 0.5049412569310399,
        "median": 0.505036716011306,
        "ci95": [
          0.49781284785225144,
          0.5123301033262627
        ],
        "n_boot": 2000
      },
      "recall_at_t": {
        "mean": 0.4499313065090002,
        "median": 0.4500097450222802,
        "ci95": [
          0.44316591447774734,
          0.456694448704149
        ],
        "n_boot": 2000
      },
      "f1_at_t": {
        "mean": 0.47584517769544604,
        "median": 0.47595132722345046,
        "ci95": [
          0.4698771146923204,
          0.4817732934177111
        ],
        "n_boot": 2000
      }
    }
  },
  "per_tech_clip_acc": {
    "deepfakes": {
      "accuracy": 0.44994419372058037,
      "clips": 20607
    },
    "REAL": {
      "accuracy": 0.5732125252335571,
      "clips": 21301
    }
  },
  "video_metrics_at_t": {
    "t_video": 0.737918508052826,
    "samples": 495,
    "accuracy": 0.5292929292929293,
    "precision": 0.5570469798657718,
    "recall": 0.332,
    "f1": 0.41604010025062654,
    "f1_macro": 0.5108965306667684,
    "f1_micro": 0.5292929292929293,
    "confusion_matrix": [
      [
        179,
        66
      ],
      [
        167,
        83
      ]
    ],
    "roc_auc": 0.5222204081632653,
    "pr_auc": 0.5472227682825137,
    "@tau": {
      "threshold": 0.737918508052826,
      "TP": 83,
      "TN": 179,
      "FP": 66,
      "FN": 167,
      "accuracy": 0.5292929292929293,
      "precision": 0.5570469798657718,
      "recall": 0.332,
      "youden": 0.06261224489795919,
      "f1_pos": 0.41604010025062654,
      "f1_macro": 0.5108965306667684,
      "f1_micro": 0.5292929292929293,
      "confusion_matrix": [
        [
          179,
          66
        ],
        [
          167,
          83
        ]
      ]
    },
    "discrete_from_tau": {
      "accuracy": 0.5292929292929293,
      "precision": 0.5570469798657718,
      "recall": 0.332,
      "youden": 0.06261224489795919,
      "f1_pos": 0.41604010025062654,
      "f1_macro": 0.5108965306667684,
      "f1_micro": 0.5292929292929293
    },
    "roc_auc_boot": {
      "auc": 0.5230741135550304,
      "ci95": [
        0.4707299956555713,
        0.5735142217939918
      ],
      "mean": 0.5230741135550304,
      "median": 0.5229214377793775,
      "n_boot": 2000
    },
    "pr_auc_boot": {
      "ap": 0.5514578100930477,
      "ci95": [
        0.502861927721222,
        0.601034599616384
      ],
      "mean": 0.5514578100930477,
      "median": 0.551759193090777,
      "n_boot": 2000
    },
    "discrete_boot": {
      "accuracy": {
        "mean": 0.5300727272727273,
        "median": 0.5292929292929293,
        "ci95": [
          0.4868686868686869,
          0.5717171717171717
        ],
        "n_boot": 2000
      },
      "precision": {
        "mean": 0.5587644366529987,
        "median": 0.56,
        "ci95": [
          0.4771166082326971,
          0.6413793103448275
        ],
        "n_boot": 2000
      },
      "recall": {
        "mean": 0.332280757596891,
        "median": 0.33076923076923076,
        "ci95": [
          0.27599300411522637,
          0.39344591480676805
        ],
        "n_boot": 2000
      },
      "youden": {
        "mean": 0.0643612953303245,
        "median": 0.06450664818176255,
        "ci95": [
          -0.01588688126418683,
          0.14390540515328284
        ],
        "n_boot": 2000
      },
      "f1_pos": {
        "mean": 0.4161412104746404,
        "median": 0.41614593316720977,
        "ci95": [
          0.3545706371191136,
          0.47755935861856297
        ],
        "n_boot": 2000
      },
      "f1_macro": {
        "mean": 0.5111322276291242,
        "median": 0.5109528838619561,
        "ci95": [
          0.46820853960396036,
          0.5541422847539018
        ],
        "n_boot": 2000
      },
      "f1_micro": {
        "mean": 0.5300727272727273,
        "median": 0.5292929292929293,
        "ci95": [
          0.4868686868686869,
          0.5717171717171717
        ],
        "n_boot": 2000
      }
    },
    "@tau_boot": {
      "precision_at_t": {
        "mean": 0.5587644366529987,
        "median": 0.56,
        "ci95": [
          0.4771166082326971,
          0.6413793103448275
        ],
        "n_boot": 2000
      },
      "recall_at_t": {
        "mean": 0.332280757596891,
        "median": 0.33076923076923076,
        "ci95": [
          0.27599300411522637,
          0.39344591480676805
        ],
        "n_boot": 2000
      },
      "f1_at_t": {
        "mean": 0.4161412104746404,
        "median": 0.41614593316720977,
        "ci95": [
          0.3545706371191136,
          0.47755935861856297
        ],