{
  "clip_metrics": {
    "samples": 41908,
    "accuracy": 0.5125990264388661,
    "precision": 0.504928388607526,
    "recall": 0.44994419372058037,
    "f1": 0.47585322042596867,
    "f1_macro": 0.5101916951703942,
    "f1_micro": 0.5125990264388661,
    "confusion_matrix": [
      [
        12210,
        9091
      ],
      [
        11335,
        9272
      ]
    ],
    "roc_auc": 0.5131213676832458,
    "pr_auc": 0.5018166866035109,
    "@tau": {
      "threshold": 0.6,
      "TP": 9272,
      "TN": 12210,
      "FP": 9091,
      "FN": 11335,
      "accuracy": 0.5125990264388661,
      "precision": 0.504928388607526,
      "recall": 0.44994419372058037,
      "youden": 0.023156718954137456,
      "f1_pos": 0.47585322042596867,
      "f1_macro": 0.5101916951703942,
      "f1_micro": 0.5125990264388661,
      "confusion_matrix": [
        [
          12210,
          9091
        ],
        [
          11335,
          9272
        ]
      ]
    },
    "discrete_from_tau": {
      "accuracy": 0.5125990264388661,
      "precision": 0.504928388607526,
      "recall": 0.44994419372058037,
      "youden": 0.023156718954137456,
      "f1_pos": 0.47585322042596867,
      "f1_macro": 0.5101916951703942,
      "f1_micro": 0.5125990264388661
    },
    "roc_auc_boot": {
      "auc": 0.5131558333924191,
      "ci95": [
        0.5076762062653438,
        0.5185837399980493
      ],
      "mean": 0.5131558333924191,
      "median": 0.5131504433923252,
      "n_boot": 2000
    },
    "pr_auc_boot": {
      "ap": 0.5019696284660815,
      "ci95": [
        0.4969810913078317,
        0.5068686707495292
      ],
      "mean": 0.5019696284660815,
      "median": 0.5019198848294317,
      "n_boot": 2000
    },
    "discrete_boot": {
      "accuracy": {
        "mean": 0.5126509019757564,
        "median": 0.5126348191276129,
        "ci95": [
          0.507849933186981,
          0.5174429703159301
        ],
        "n_boot": 2000
      },
      "precision": {
        "mean": 0.5049412569310399,
        "median": 0.505036716011306,
        "ci95": [
          0.49781284785225144,
          0.5123301033262627
        ],
        "n_boot": 2000
      },
      "recall": {
        "mean": 0.4499313065090002,
        "median": 0.4500097450222802,
        "ci95": [
          0.44316591447774734,
          0.456694448704149
        ],
        "n_boot": 2000
      },
      "youden": {
        "mean": 0.023248966840016,
        "median": 0.023278686397586873,
        "ci95": [
          0.013746194689676404,
          0.03276472086631848
        ],
        "n_boot": 2000
      },
      "f1_pos": {
        "mean": 0.47584517769544604,
        "median": 0.47595132722345046,
        "ci95": [
          0.4698771146923204,
          0.4817732934177111
        ],
        "n_boot": 2000
      },
      "f1_macro": {
        "mean": 0.5102310085293936,
        "median": 0.5102417334378684,
        "ci95": [
          0.5054356430735446,
          0.514962320929424
        ],
        "n_boot": 2000
      },
      "f1_micro": {
        "mean": 0.5126509019757564,
        "median": 0.5126348191276129,
        "ci95": [
          0.507849933186981,
          0.5174429703159301
        ],
        "n_boot": 2000
      }
    },
    "@tau_boot": {
      "precision_at_t": {
        "mean": 0.5049412569310399,
        "median": 0.505036716011306,
        "ci95": [
          0.49781284785225144,
          0.5123301033262627
        ],
        "n_boot": 2000
      },
      "recall_at_t": {
        "mean": 0.4499313065090002,
        "median": 0.4500097450222802,
        "ci95": [
          0.44316591447774734,
          0.456694448704149
        ],
        "n_boot": 2000
      },
      "f1_at_t": {
        "mean": 0.47584517769544604,
        "median": 0.47595132722345046,
        "ci95": [
          0.4698771146923204,
          0.4817732934177111
        ],
        "n_boot": 2000
      }
    }
  },
  "per_tech_clip_acc": {
    "deepfakes": {
      "accuracy": 0.44994419372058037,
      "clips": 20607
    },
    "REAL": {
      "accuracy": 0.5732125252335571,
      "clips": 21301
    }
  },
  "video_metrics_at_t": {
    "t_video": 0.654817004998525,
    "samples": 495,
    "accuracy": 0.5353535353535354,
    "precision": 0.5980392156862745,
    "recall": 0.244,
    "f1": 0.3465909090909091,
    "f1_macro": 0.49304467084639503,
    "f1_micro": 0.5353535353535354,
    "confusion_matrix": [
      [
        204,
        41
      ],
      [
        189,
        61
      ]
    ],
    "roc_auc": 0.5399183673469388,
    "pr_auc": 0.5569223155956697,
    "@tau": {
      "threshold": 0.654817004998525,
      "TP": 61,
      "TN": 204,
      "FP": 41,
      "FN": 189,
      "accuracy": 0.5353535353535354,
      "precision": 0.5980392156862745,
      "recall": 0.244,
      "youden": 0.07665306122448978,
      "f1_pos": 0.3465909090909091,
      "f1_macro": 0.49304467084639503,
      "f1_micro": 0.5353535353535354,
      "confusion_matrix": [
        [
          204,
          41
        ],
        [
          189,
          61
        ]
      ]
    },
    "discrete_from_tau": {
      "accuracy": 0.5353535353535354,
      "precision": 0.5980392156862745,
      "recall": 0.244,
      "youden": 0.07665306122448978,
      "f1_pos": 0.3465909090909091,
      "f1_macro": 0.49304467084639503,
      "f1_micro": 0.5353535353535354
    },
    "roc_auc_boot": {
      "auc": 0.5405530294731536,
      "ci95": [
        0.49075349048916306,
        0.5898671861802187
      ],
      "mean": 0.5405530294731536,
      "median": 0.5408403306433169,
      "n_boot": 2000
    },
    "pr_auc_boot": {
      "ap": 0.5615268122645485,
      "ci95": [
        0.5135466244395026,
        0.6119315096732708
      ],
      "mean": 0.5615268122645485,
      "median": 0.5616679444324545,
      "n_boot": 2000
    },
    "discrete_boot": {
      "accuracy": {
        "mean": 0.535821212121212,
        "median": 0.5353535353535354,
        "ci95": [
          0.4928787878787879,
          0.5797979797979798
        ],
        "n_boot": 2000
      },
      "precision": {
        "mean": 0.5996287602403314,
        "median": 0.6,
        "ci95": [
          0.5,
          0.6923076923076923
        ],
        "n_boot": 2000
      },
      "recall": {
        "mean": 0.24447198482953447,
        "median": 0.2435340022296544,
        "ci95": [
          0.1923,
          0.298397538876751
        ],
        "n_boot": 2000
      },
      "youden": {
        "mean": 0.07785324344042703,
        "median": 0.07777329530630177,
        "ci95": [
          0.008092614255986818,
          0.14654618260272922
        ],
        "n_boot": 2000
      },
      "f1_pos": {
        "mean": 0.3467133470846917,
        "median": 0.3463687150837989,
        "ci95": [
          0.2822822822822823,
          0.4095744680851064
        ],
        "n_boot": 2000
      },
      "f1_macro": {
        "mean": 0.49309182571681087,
        "median": 0.49236758993719826,
        "ci95": [
          0.4519166302057681,
          0.5366837065303477
        ],
        "n_boot": 2000
      },
      "f1_micro": {
        "mean": 0.535821212121212,
        "median": 0.5353535353535354,
        "ci95": [
          0.4928787878787879,
          0.5797979797979798
        ],
        "n_boot": 2000
      }
    },
    "@tau_boot": {
      "precision_at_t": {
        "mean": 0.5996287602403314,
        "median": 0.6,
        "ci95": [
          0.5,
          0.6923076923076923
        ],
        "n_boot": 2000
      },
      "recall_at_t": {
        "mean": 0.24447198482953447,
        "median": 0.2435340022296544,
        "ci95": [
          0.1923,
          0.298397538876751
        ],
        "n_boot": 2000
      },
      "f1_at_t": {
        "mean": 0.3467133470846917,
        "median": 0.3463687150837989,
        "ci95": [
          0.2822822822822823,
          0.4095744680851064
        ],
        "n_boot": 2000
      }
    }
  },