{
  "clip_metrics": {
    "samples": 41908,
    "accuracy": 0.5074210174668321,
    "precision": 0.4993449304898464,
    "recall": 0.6658417042752462,
    "f1": 0.5706977227825726,
    "f1_macro": 0.49648205105852206,
    "f1_micro": 0.5074210174668321,
    "confusion_matrix": [
      [
        7544,
        13757
      ],
      [
        6886,
        13721
      ]
    ],
    "roc_auc": 0.5131213676832458,
    "pr_auc": 0.5018166866035109,
    "@tau": {
      "threshold": 0.6,
      "TP": 9272,
      "TN": 12210,
      "FP": 9091,
      "FN": 11335,
      "accuracy": 0.5125990264388661,
      "precision": 0.504928388607526,
      "recall": 0.44994419372058037,
      "youden": 0.023156718954137456,
      "f1_pos": 0.47585322042596867,
      "f1_macro": 0.5101916951703942,
      "f1_micro": 0.5125990264388661,
      "confusion_matrix": [
        [
          12210,
          9091
        ],
        [
          11335,
          9272
        ]
      ]
    },
    "discrete_from_tau": {
      "accuracy": 0.5125990264388661,
      "precision": 0.504928388607526,
      "recall": 0.44994419372058037,
      "youden": 0.023156718954137456,
      "f1_pos": 0.47585322042596867,
      "f1_macro": 0.5101916951703942,
      "f1_micro": 0.5125990264388661
    },
    "roc_auc_boot": {
      "auc": 0.5131558333924191,
      "ci95": [
        0.5076762062653438,
        0.5185837399980493
      ],
      "mean": 0.5131558333924191,
      "median": 0.5131504433923252,
      "n_boot": 2000
    },
    "pr_auc_boot": {
      "ap": 0.5019696284660815,
      "ci95": [
        0.4969810913078317,
        0.5068686707495292
      ],
      "mean": 0.5019696284660815,
      "median": 0.5019198848294317,
      "n_boot": 2000
    },
    "discrete_boot": {
      "accuracy": {
        "mean": 0.5126509019757564,
        "median": 0.5126348191276129,
        "ci95": [
          0.507849933186981,
          0.5174429703159301
        ],
        "n_boot": 2000
      },
      "precision": {
        "mean": 0.5049412569310399,
        "median": 0.505036716011306,
        "ci95": [
          0.49781284785225144,
          0.5123301033262627
        ],
        "n_boot": 2000
      },
      "recall": {
        "mean": 0.4499313065090002,
        "median": 0.4500097450222802,
        "ci95": [
          0.44316591447774734,
          0.456694448704149
        ],
        "n_boot": 2000
      },
      "youden": {
        "mean": 0.023248966840016,
        "median": 0.023278686397586873,
        "ci95": [
          0.013746194689676404,
          0.03276472086631848
        ],
        "n_boot": 2000
      },
      "f1_pos": {
        "mean": 0.47584517769544604,
        "median": 0.47595132722345046,
        "ci95": [
          0.4698771146923204,
          0.4817732934177111
        ],
        "n_boot": 2000
      },
      "f1_macro": {
        "mean": 0.5102310085293936,
        "median": 0.5102417334378684,
        "ci95": [
          0.5054356430735446,
          0.514962320929424
        ],
        "n_boot": 2000
      },
      "f1_micro": {
        "mean": 0.5126509019757564,
        "median": 0.5126348191276129,
        "ci95": [
          0.507849933186981,
          0.5174429703159301
        ],
        "n_boot": 2000
      }
    },
    "@tau_boot": {
      "precision_at_t": {
        "mean": 0.5049412569310399,
        "median": 0.505036716011306,
        "ci95": [
          0.49781284785225144,
          0.5123301033262627
        ],
        "n_boot": 2000
      },
      "recall_at_t": {
        "mean": 0.4499313065090002,
        "median": 0.4500097450222802,
        "ci95": [
          0.44316591447774734,
          0.456694448704149
        ],
        "n_boot": 2000
      },
      "f1_at_t": {
        "mean": 0.47584517769544604,
        "median": 0.47595132722345046,
        "ci95": [
          0.4698771146923204,
          0.4817732934177111
        ],
        "n_boot": 2000
      }
    }
  },
  "per_tech_clip_acc": {
    "deepfakes": {
      "accuracy": 0.6658417042752462,
      "clips": 20607
    },
    "REAL": {
      "accuracy": 0.35416177644242053,
      "clips": 21301
    }
  },
  "video_metrics_at_t": {
    "t_video": 0.6302272255222002,
    "samples": 495,
    "accuracy": 0.5414141414141415,
    "precision": 0.5851851851851851,
    "recall": 0.316,
    "f1": 0.4103896103896104,
    "f1_macro": 0.5175914994096813,
    "f1_micro": 0.5414141414141415,
    "confusion_matrix": [
      [
        189,
        56
      ],
      [
        171,
        79
      ]
    ],
    "roc_auc": 0.5427755102040817,
    "pr_auc": 0.5603025904759555,
    "@tau": {
      "threshold": 0.6302272255222002,
      "TP": 79,
      "TN": 189,
      "FP": 56,
      "FN": 171,
      "accuracy": 0.5414141414141415,
      "precision": 0.5851851851851851,
      "recall": 0.316,
      "youden": 0.08742857142857144,
      "f1_pos": 0.4103896103896104,
      "f1_macro": 0.5175914994096813,
      "f1_micro": 0.5414141414141415,
      "confusion_matrix": [
        [
          189,
          56
        ],
        [
          171,
          79
        ]
      ]
    },
    "discrete_from_tau": {
      "accuracy": 0.5414141414141415,
      "precision": 0.5851851851851851,
      "recall": 0.316,
      "youden": 0.08742857142857144,
      "f1_pos": 0.4103896103896104,
      "f1_macro": 0.5175914994096813,
      "f1_micro": 0.5414141414141415
    },
    "roc_auc_boot": {
      "auc": 0.5433496120038185,
      "ci95": [
        0.49335192262788385,
        0.5921712745526606
      ],
      "mean": 0.5433496120038185,
      "median": 0.54369274188047,
      "n_boot": 2000
    },
    "pr_auc_boot": {
      "ap": 0.5650051785484311,
      "ci95": [
        0.5166366485171311,
        0.6164977716834147
      ],
      "mean": 0.5650051785484311,
      "median": 0.5645620597067514,
      "n_boot": 2000
    },
    "discrete_boot": {
      "accuracy": {
        "mean": 0.5417707070707071,
        "median": 0.5414141414141415,
        "ci95": [
          0.498989898989899,
          0.5838888888888886
        ],
        "n_boot": 2000
      },
      "precision": {
        "mean": 0.586243570892386,
        "median": 0.5874125874125874,
        "ci95": [
          0.5035448593959232,
          0.6643835616438356
        ],
        "n_boot": 2000
      },
      "recall": {
        "mean": 0.31606749997760347,
        "median": 0.31512605042016806,
        "ci95": [
          0.26170639349489794,
          0.376425855513308
        ],
        "n_boot": 2000
      },
      "youden": {
        "mean": 0.08832361608354578,
        "median": 0.08849933316418751,
        "ci95": [
          0.014012241762552292,
          0.16253043629903322
        ],
        "n_boot": 2000
      },
      "f1_pos": {
        "mean": 0.4100994848738752,
        "median": 0.4095744680851064,
        "ci95": [
          0.3489583333333333,
          0.4712165365998221
        ],
        "n_boot": 2000
      },
      "f1_macro": {
        "mean": 0.5174194755903128,
        "median": 0.5173856773080242,
        "ci95": [
          0.4744251556082023,
          0.5609585974097547
        ],
        "n_boot": 2000
      },
      "f1_micro": {
        "mean": 0.5417707070707071,
        "median": 0.5414141414141415,
        "ci95": [
          0.498989898989899,
          0.5838888888888886
        ],
        "n_boot": 2000
      }
    },
    "@tau_boot": {
      "precision_at_t": {
        "mean": 0.586243570892386,
        "median": 0.5874125874125874,
        "ci95": [
          0.5035448593959232,
          0.6643835616438356
        ],
        "n_boot": 2000
      },
      "recall_at_t": {
        "mean": 0.31606749997760347,
        "median": 0.31512605042016806,
        "ci95": [
          0.26170639349489794,
          0.376425855513308
        ],
        "n_boot": 2000
      },
      "f1_at_t": {
        "mean": 0.4100994848738752,
        "median": 0.4095744680851064,