{
  "clip_metrics": {
    "samples": 41908,
    "accuracy": 0.5125990264388661,
    "precision": 0.504928388607526,
    "recall": 0.44994419372058037,
    "f1": 0.47585322042596867,
    "f1_macro": 0.5101916951703942,
    "f1_micro": 0.5125990264388661,
    "confusion_matrix": [
      [
        12210,
        9091
      ],
      [
        11335,
        9272
      ]
    ],
    "roc_auc": 0.5131213676832458,
    "pr_auc": 0.5018166866035109,
    "@tau": {
      "threshold": 0.6,
      "TP": 9272,
      "TN": 12210,
      "FP": 9091,
      "FN": 11335,
      "accuracy": 0.5125990264388661,
      "precision": 0.504928388607526,
      "recall": 0.44994419372058037,
      "youden": 0.023156718954137456,
      "f1_pos": 0.47585322042596867,
      "f1_macro": 0.5101916951703942,
      "f1_micro": 0.5125990264388661,
      "confusion_matrix": [
        [
          12210,
          9091
        ],
        [
          11335,
          9272
        ]
      ]
    },
    "discrete_from_tau": {
      "accuracy": 0.5125990264388661,
      "precision": 0.504928388607526,
      "recall": 0.44994419372058037,
      "youden": 0.023156718954137456,
      "f1_pos": 0.47585322042596867,
      "f1_macro": 0.5101916951703942,
      "f1_micro": 0.5125990264388661
    },
    "roc_auc_boot": {
      "auc": 0.5131558333924191,
      "ci95": [
        0.5076762062653438,
        0.5185837399980493
      ],
      "mean": 0.5131558333924191,
      "median": 0.5131504433923252,
      "n_boot": 2000
    },
    "pr_auc_boot": {
      "ap": 0.5019696284660815,
      "ci95": [
        0.4969810913078317,
        0.5068686707495292
      ],
      "mean": 0.5019696284660815,
      "median": 0.5019198848294317,
      "n_boot": 2000
    },
    "discrete_boot": {
      "accuracy": {
        "mean": 0.5126509019757564,
        "median": 0.5126348191276129,
        "ci95": [
          0.507849933186981,
          0.5174429703159301
        ],
        "n_boot": 2000
      },
      "precision": {
        "mean": 0.5049412569310399,
        "median": 0.505036716011306,
        "ci95": [
          0.49781284785225144,
          0.5123301033262627
        ],
        "n_boot": 2000
      },
      "recall": {
        "mean": 0.4499313065090002,
        "median": 0.4500097450222802,
        "ci95": [
          0.44316591447774734,
          0.456694448704149
        ],
        "n_boot": 2000
      },
      "youden": {
        "mean": 0.023248966840016,
        "median": 0.023278686397586873,
        "ci95": [
          0.013746194689676404,
          0.03276472086631848
        ],
        "n_boot": 2000
      },
      "f1_pos": {
        "mean": 0.47584517769544604,
        "median": 0.47595132722345046,
        "ci95": [
          0.4698771146923204,
          0.4817732934177111
        ],
        "n_boot": 2000
      },
      "f1_macro": {
        "mean": 0.5102310085293936,
        "median": 0.5102417334378684,
        "ci95": [
          0.5054356430735446,
          0.514962320929424
        ],
        "n_boot": 2000
      },
      "f1_micro": {
        "mean": 0.5126509019757564,
        "median": 0.5126348191276129,
        "ci95": [
          0.507849933186981,
          0.5174429703159301
        ],
        "n_boot": 2000
      }
    },
    "@tau_boot": {
      "precision_at_t": {
        "mean": 0.5049412569310399,
        "median": 0.505036716011306,
        "ci95": [
          0.49781284785225144,
          0.5123301033262627
        ],
        "n_boot": 2000
      },
      "recall_at_t": {
        "mean": 0.4499313065090002,
        "median": 0.4500097450222802,
        "ci95": [
          0.44316591447774734,
          0.456694448704149
        ],
        "n_boot": 2000
      },
      "f1_at_t": {
        "mean": 0.47584517769544604,
        "median": 0.47595132722345046,
        "ci95": [
          0.4698771146923204,
          0.4817732934177111
        ],
        "n_boot": 2000
      }
    }
  },
  "per_tech_clip_acc": {
    "deepfakes": {
      "accuracy": 0.44994419372058037,
      "clips": 20607
    },
    "REAL": {
      "accuracy": 0.5732125252335571,
      "clips": 21301
    }
  },
  "video_metrics_at_t": {
    "t_video": 0.8392899930477142,
    "samples": 495,
    "accuracy": 0.5373737373737374,
    "precision": 0.5981308411214953,
    "recall": 0.256,
    "f1": 0.3585434173669468,
    "f1_macro": 0.49838703253813377,
    "f1_micro": 0.5373737373737374,
    "confusion_matrix": [
      [
        202,
        43
      ],
      [
        186,
        64
      ]
    ],
    "roc_auc": 0.508604081632653,
    "pr_auc": 0.5400290059996247,
    "@tau": {
      "threshold": 0.8392899930477142,
      "TP": 64,
      "TN": 202,
      "FP": 43,
      "FN": 186,
      "accuracy": 0.5373737373737374,
      "precision": 0.5981308411214953,
      "recall": 0.256,
      "youden": 0.08048979591836736,
      "f1_pos": 0.3585434173669468,
      "f1_macro": 0.49838703253813377,
      "f1_micro": 0.5373737373737374,
      "confusion_matrix": [
        [
          202,
          43
        ],
        [
          186,
          64
        ]
      ]
    },
    "discrete_from_tau": {
      "accuracy": 0.5373737373737374,
      "precision": 0.5981308411214953,
      "recall": 0.256,
      "youden": 0.08048979591836736,
      "f1_pos": 0.3585434173669468,
      "f1_macro": 0.49838703253813377,
      "f1_micro": 0.5373737373737374
    },
    "roc_auc_boot": {
      "auc": 0.5091857758752798,
      "ci95": [
        0.456482439713516,
        0.5576602840575055
      ],
      "mean": 0.5091857758752798,
      "median": 0.509714285807504,
      "n_boot": 2000
    },
    "pr_auc_boot": {
      "ap": 0.5438274414942741,
      "ci95": [
        0.4959353469308543,
        0.5927726328935934
      ],
      "mean": 0.5438274414942741,
      "median": 0.5445856341706039,
      "n_boot": 2000
    },
    "discrete_boot": {
      "accuracy": {
        "mean": 0.5377595959595959,
        "median": 0.5373737373737374,
        "ci95": [
          0.49292929292929294,
          0.5797979797979798
        ],
        "n_boot": 2000
      },
      "precision": {
        "mean": 0.5993918859990648,
        "median": 0.6,
        "ci95": [
          0.5084745762711864,
          0.6915887850467289
        ],
        "n_boot": 2000
      },
      "recall": {
        "mean": 0.2566351296404633,
        "median": 0.25630252100840334,
        "ci95": [
          0.2050183483092119,
          0.3122591403162055
        ],
        "n_boot": 2000
      },
      "youden": {
        "mean": 0.0815124212617738,
        "median": 0.0817426243103347,
        "ci95": [
          0.009426706701763862,
          0.15254034982877587
        ],
        "n_boot": 2000
      },
      "f1_pos": {
        "mean": 0.3587690270845097,
        "median": 0.35868347338935574,
        "ci95": [
          0.29526462395543174,
          0.42359381397007356
        ],
        "n_boot": 2000
      },
      "f1_macro": {
        "mean": 0.4984165161954508,
        "median": 0.4988507045680691,
        "ci95": [
          0.45352030747337707,
          0.5417852512094075
        ],
        "n_boot": 2000
      },
      "f1_micro": {
        "mean": 0.5377595959595959,
        "median": 0.5373737373737374,
        "ci95": [
          0.49292929292929294,
          0.5797979797979798
        ],
        "n_boot": 2000
      }
    },
    "@tau_boot": {
      "precision_at_t": {
        "mean": 0.5993918859990648,
        "median": 0.6,
        "ci95": [
          0.5084745762711864,
          0.6915887850467289
        ],
        "n_boot": 2000
      },
      "recall_at_t": {
        "mean": 0.2566351296404633,
        "median": 0.25630252100840334,
        "ci95": [
          0.2050183483092119,
          0.3122591403162055
        ],
        "n_boot": 2000
      },
      "f1_at_t": {
        "mean": 0.3587690270845097,
        "median": 0.35868347338935574,
        "ci95": [
          0.29526462395543174,
          0.42359381397007356
        ],