metric,mean,sd,ci95_lo,ci95_hi
auc,0.66825,0.048343551783287864,0.6287433593749999,0.701716484375
ap,0.66125398962401,0.04576311191096167,0.6144857649146614,0.6962469254559513
