{
  "clip_metrics": {
    "samples": 41908,
    "accuracy": 0.5024100410422832,
    "precision": 0.4951529003783102,
    "recall": 0.6097442616586597,
    "f1": 0.5465063175521389,
    "f1_macro": 0.49766042227618834,
    "f1_micro": 0.5024100410422832,
    "confusion_matrix": [
      [
        8490,
        12811
      ],
      [
        8042,
        12565
      ]
    ],
    "roc_auc": 0.5031619590533181,
    "pr_auc": 0.49178156298469594,
    "@tau": {
      "threshold": 0.6,
      "TP": 12565,
      "TN": 8490,
      "FP": 12811,
      "FN": 8042,
      "accuracy": 0.5024100410422832,
      "precision": 0.4951529003783102,
      "recall": 0.6097442616586597,
      "youden": 0.008317098614671115,
      "f1_pos": 0.5465063175521389,
      "f1_macro": 0.49766042227618834,
      "f1_micro": 0.5024100410422832,
      "confusion_matrix": [
        [
          8490,
          12811
        ],
        [
          8042,
          12565
        ]
      ]
    },
    "discrete_from_tau": {
      "accuracy": 0.5024100410422832,
      "precision": 0.4951529003783102,
      "recall": 0.6097442616586597,
      "youden": 0.008317098614671115,
      "f1_pos": 0.5465063175521389,
      "f1_macro": 0.49766042227618834,
      "f1_micro": 0.5024100410422832
    },
    "roc_auc_boot": {
      "auc": 0.5031804363838294,
      "ci95": [
        0.4979030542026247,
        0.5088455754772874
      ],
      "mean": 0.5031804363838294,
      "median": 0.5031689241018125,
      "n_boot": 2000
    },
    "pr_auc_boot": {
      "ap": 0.49188277992337753,
      "ci95": [
        0.48716367673456284,
        0.49673372973293134
      ],
      "mean": 0.49188277992337753,
      "median": 0.49188881445761173,
      "n_boot": 2000
    },
    "discrete_boot": {
      "accuracy": {
        "mean": 0.5024034551875537,
        "median": 0.5023981101460342,
        "ci95": [
          0.49770926792020614,
          0.5073017085043429
        ],
        "n_boot": 2000
      },
      "precision": {
        "mean": 0.4951135580903055,
        "median": 0.4951353054713042,
        "ci95": [
          0.48893119345889774,
          0.5014042645186875
        ],
        "n_boot": 2000
      },
      "recall": {
        "mean": 0.6097852859520396,
        "median": 0.6097986492554089,
        "ci95": [
          0.6034081576194716,
          0.6160938160169003
        ],
        "n_boot": 2000
      },
      "youden": {
        "mean": 0.008322464512060776,
        "median": 0.008407395414053997,
        "ci95": [
          -0.001083849828453992,
          0.01775482994735859
        ],
        "n_boot": 2000
      },
      "f1_pos": {
        "mean": 0.5464936342968232,
        "median": 0.5465292848064187,
        "ci95": [
          0.5410068280843362,
          0.5520146804821748
        ],
        "n_boot": 2000
      },
      "f1_macro": {
        "mean": 0.4976482505393415,
        "median": 0.49765240745210465,
        "ci95": [
          0.4928166893829096,
          0.5024620374757951
        ],
        "n_boot": 2000
      },
      "f1_micro": {
        "mean": 0.5024034551875537,
        "median": 0.5023981101460342,
        "ci95": [
          0.49770926792020614,
          0.5073017085043429
        ],
        "n_boot": 2000
      }
    },
    "@tau_boot": {
      "precision_at_t": {
        "mean": 0.4951135580903055,
        "median": 0.4951353054713042,
        "ci95": [
          0.48893119345889774,
          0.5014042645186875
        ],
        "n_boot": 2000
      },
      "recall_at_t": {
        "mean": 0.6097852859520396,
        "median": 0.6097986492554089,
        "ci95": [
          0.6034081576194716,
          0.6160938160169003
        ],
        "n_boot": 2000
      },
      "f1_at_t": {
        "mean": 0.5464936342968232,
        "median": 0.5465292848064187,
        "ci95": [
          0.5410068280843362,
          0.5520146804821748
        ],
        "n_boot": 2000
      }
    }
  },
  "per_tech_clip_acc": {
    "deepfakes": {
      "accuracy": 0.6097442616586597,
      "clips": 20607
    },
    "REAL": {
      "accuracy": 0.3985728369560115,
      "clips": 21301
    }
  },
  "video_metrics_at_t": {
    "t_video": 0.817126488685608,
    "samples": 495,
    "accuracy": 0.5333333333333333,
    "precision": 0.564625850340136,
    "recall": 0.332,
    "f1": 0.4181360201511335,
    "f1_macro": 0.514295666062076,
    "f1_micro": 0.5333333333333333,
    "confusion_matrix": [
      [
        181,
        64
      ],
      [
        167,
        83
      ]
    ],
    "roc_auc": 0.5043102040816326,
    "pr_auc": 0.5254043492299673,
    "@tau": {
      "threshold": 0.817126488685608,
      "TP": 83,
      "TN": 181,
      "FP": 64,
      "FN": 167,
      "accuracy": 0.5333333333333333,
      "precision": 0.564625850340136,
      "recall": 0.332,
      "youden": 0.07077551020408163,
      "f1_pos": 0.4181360201511335,
      "f1_macro": 0.514295666062076,
      "f1_micro": 0.5333333333333333,
      "confusion_matrix": [
        [
          181,
          64
        ],
        [
          167,
          83
        ]
      ]
    },
    "discrete_from_tau": {
      "accuracy": 0.5333333333333333,
      "precision": 0.564625850340136,
      "recall": 0.332,
      "youden": 0.07077551020408163,
      "f1_pos": 0.4181360201511335,
      "f1_macro": 0.514295666062076,
      "f1_micro": 0.5333333333333333
    },
    "roc_auc_boot": {
      "auc": 0.5047535541613812,
      "ci95": [
        0.4532296025104603,
        0.5551527983059892
      ],
      "mean": 0.5047535541613812,
      "median": 0.50511861766717,
      "n_boot": 2000
    },
    "pr_auc_boot": {
      "ap": 0.5305607639726793,
      "ci95": [
        0.48647508844491605,
        0.5774224778922283
      ],
      "mean": 0.5305607639726793,
      "median": 0.5301351111739088,
      "n_boot": 2000
    },
    "discrete_boot": {
      "accuracy": {
        "mean": 0.5336454545454545,
        "median": 0.5333333333333333,
        "ci95": [
          0.4909090909090909,
          0.5777777777777777
        ],
        "n_boot": 2000
      },
      "precision": {
        "mean": 0.5656163334967126,
        "median": 0.5655172413793104,
        "ci95": [
          0.4842665855143031,
          0.6478009566834971
        ],
        "n_boot": 2000
      },
      "recall": {
        "mean": 0.3316919776427635,
        "median": 0.33079847908745247,
        "ci95": [
          0.27472189695550353,
          0.39076105750942347
        ],
        "n_boot": 2000
      },
      "youden": {
        "mean": 0.07158192880849466,
        "median": 0.07269506556007335,
        "ci95": [
          -0.008148746222687102,
          0.15197961675395175
        ],
        "n_boot": 2000
      },
      "f1_pos": {
        "mean": 0.41755845284695137,
        "median": 0.4174099507985371,
        "ci95": [
          0.3548387096774194,
          0.4786762359504083
        ],
        "n_boot": 2000
      },
      "f1_macro": {
        "mean": 0.5140120298354465,
        "median": 0.5150207490561682,
        "ci95": [
          0.469767855403935,
          0.5584062258236844
        ],
        "n_boot": 2000
      },
      "f1_micro": {
        "mean": 0.5336454545454545,
        "median": 0.5333333333333333,
        "ci95": [
          0.4909090909090909,
          0.5777777777777777
        ],
        "n_boot": 2000
      }
    },
    "@tau_boot": {
      "precision_at_t": {
        "mean": 0.5656163334967126,
        "median": 0.5655172413793104,
        "ci95": [
          0.4842665855143031,
          0.6478009566834971
        ],
        "n_boot": 2000
      },
      "recall_at_t": {
        "mean": 0.3316919776427635,
        "median": 0.33079847908745247,
        "ci95": [
          0.27472189695550353,
          0.39076105750942347
        ],
        "n_boot": 2000
      },
      "f1_at_t": {
        "mean": 0.41755845284695137,
        "median": 0.4174099507985371,