{
  "clip_metrics": {
    "samples": 41908,
    "accuracy": 0.5024100410422832,
    "precision": 0.4951529003783102,
    "recall": 0.6097442616586597,
    "f1": 0.5465063175521389,
    "f1_macro": 0.49766042227618834,
    "f1_micro": 0.5024100410422832,
    "confusion_matrix": [
      [
        8490,
        12811
      ],
      [
        8042,
        12565
      ]
    ],
    "roc_auc": 0.5031619590533181,
    "pr_auc": 0.49178156298469594,
    "@tau": {
      "threshold": 0.6,
      "TP": 12565,
      "TN": 8490,
      "FP": 12811,
      "FN": 8042,
      "accuracy": 0.5024100410422832,
      "precision": 0.4951529003783102,
      "recall": 0.6097442616586597,
      "youden": 0.008317098614671115,
      "f1_pos": 0.5465063175521389,
      "f1_macro": 0.49766042227618834,
      "f1_micro": 0.5024100410422832,
      "confusion_matrix": [
        [
          8490,
          12811
        ],
        [
          8042,
          12565
        ]
      ]
    },
    "discrete_from_tau": {
      "accuracy": 0.5024100410422832,
      "precision": 0.4951529003783102,
      "recall": 0.6097442616586597,
      "youden": 0.008317098614671115,
      "f1_pos": 0.5465063175521389,
      "f1_macro": 0.49766042227618834,
      "f1_micro": 0.5024100410422832
    },
    "roc_auc_boot": {
      "auc": 0.5031804363838294,
      "ci95": [
        0.4979030542026247,
        0.5088455754772874
      ],
      "mean": 0.5031804363838294,
      "median": 0.5031689241018125,
      "n_boot": 2000
    },
    "pr_auc_boot": {
      "ap": 0.49188277992337753,
      "ci95": [
        0.48716367673456284,
        0.49673372973293134
      ],
      "mean": 0.49188277992337753,
      "median": 0.49188881445761173,
      "n_boot": 2000
    },
    "discrete_boot": {
      "accuracy": {
        "mean": 0.5024034551875537,
        "median": 0.5023981101460342,
        "ci95": [
          0.49770926792020614,
          0.5073017085043429
        ],
        "n_boot": 2000
      },
      "precision": {
        "mean": 0.4951135580903055,
        "median": 0.4951353054713042,
        "ci95": [
          0.48893119345889774,
          0.5014042645186875
        ],
        "n_boot": 2000
      },
      "recall": {
        "mean": 0.6097852859520396,
        "median": 0.6097986492554089,
        "ci95": [
          0.6034081576194716,
          0.6160938160169003
        ],
        "n_boot": 2000
      },
      "youden": {
        "mean": 0.008322464512060776,
        "median": 0.008407395414053997,
        "ci95": [
          -0.001083849828453992,
          0.01775482994735859
        ],
        "n_boot": 2000
      },
      "f1_pos": {
        "mean": 0.5464936342968232,
        "median": 0.5465292848064187,
        "ci95": [
          0.5410068280843362,
          0.5520146804821748
        ],
        "n_boot": 2000
      },
      "f1_macro": {
        "mean": 0.4976482505393415,
        "median": 0.49765240745210465,
        "ci95": [
          0.4928166893829096,
          0.5024620374757951
        ],
        "n_boot": 2000
      },
      "f1_micro": {
        "mean": 0.5024034551875537,
        "median": 0.5023981101460342,
        "ci95": [
          0.49770926792020614,
          0.5073017085043429
        ],
        "n_boot": 2000
      }
    },
    "@tau_boot": {
      "precision_at_t": {
        "mean": 0.4951135580903055,
        "median": 0.4951353054713042,
        "ci95": [
          0.48893119345889774,
          0.5014042645186875
        ],
        "n_boot": 2000
      },
      "recall_at_t": {
        "mean": 0.6097852859520396,
        "median": 0.6097986492554089,
        "ci95": [
          0.6034081576194716,
          0.6160938160169003
        ],
        "n_boot": 2000
      },
      "f1_at_t": {
        "mean": 0.5464936342968232,
        "median": 0.5465292848064187,
        "ci95": [
          0.5410068280843362,
          0.5520146804821748
        ],
        "n_boot": 2000
      }
    }
  },
  "per_tech_clip_acc": {
    "deepfakes": {
      "accuracy": 0.6097442616586597,
      "clips": 20607
    },
    "REAL": {
      "accuracy": 0.3985728369560115,
      "clips": 21301
    }
  },
  "video_metrics_at_t": {
    "t_video": 0.8903241455554962,
    "samples": 495,
    "accuracy": 0.5191919191919192,
    "precision": 0.5375,
    "recall": 0.344,
    "f1": 0.4195121951219512,
    "f1_macro": 0.5045836837678721,
    "f1_micro": 0.5191919191919192,
    "confusion_matrix": [
      [
        171,
        74
      ],
      [
        164,
        86
      ]
    ],
    "roc_auc": 0.4827510204081632,
    "pr_auc": 0.5114048901775455,
    "@tau": {
      "threshold": 0.8903241455554962,
      "TP": 86,
      "TN": 171,
      "FP": 74,
      "FN": 164,
      "accuracy": 0.5191919191919192,
      "precision": 0.5375,
      "recall": 0.344,
      "youden": 0.04195918367346935,
      "f1_pos": 0.4195121951219512,
      "f1_macro": 0.5045836837678721,
      "f1_micro": 0.5191919191919192,
      "confusion_matrix": [
        [
          171,
          74
        ],
        [
          164,
          86
        ]
      ]
    },
    "discrete_from_tau": {
      "accuracy": 0.5191919191919192,
      "precision": 0.5375,
      "recall": 0.344,
      "youden": 0.04195918367346935,
      "f1_pos": 0.4195121951219512,
      "f1_macro": 0.5045836837678721,
      "f1_micro": 0.5191919191919192
    },
    "roc_auc_boot": {
      "auc": 0.4837300827520677,
      "ci95": [
        0.43253805334411194,
        0.5328656468669207
      ],
      "mean": 0.4837300827520677,
      "median": 0.48460481996780125,
      "n_boot": 2000
    },
    "pr_auc_boot": {
      "ap": 0.5159467339548868,
      "ci95": [
        0.4733414634904165,
        0.5622616345678936
      ],
      "mean": 0.5159467339548868,
      "median": 0.5153295564809366,
      "n_boot": 2000
    },
    "discrete_boot": {
      "accuracy": {
        "mean": 0.5202343434343434,
        "median": 0.5212121212121212,
        "ci95": [
          0.4767676767676768,
          0.5636363636363636
        ],
        "n_boot": 2000
      },
      "precision": {
        "mean": 0.5394848411827711,
        "median": 0.5402298850574713,
        "ci95": [
          0.46153846153846156,
          0.6166691616766468
        ],
        "n_boot": 2000
      },
      "recall": {
        "mean": 0.3451172522106234,
        "median": 0.3458333333333333,
        "ci95": [
          0.2890557650862069,
          0.405308249821045
        ],
        "n_boot": 2000
      },
      "youden": {
        "mean": 0.04424895099446067,
        "median": 0.04435269948452622,
        "ci95": [
          -0.03911643185810938,
          0.12320382553793115
        ],
        "n_boot": 2000
      },
      "f1_pos": {
        "mean": 0.42035626644430335,
        "median": 0.4218009478672986,
        "ci95": [
          0.3609003178048213,
          0.4801910560571068
        ],
        "n_boot": 2000
      },
      "f1_macro": {
        "mean": 0.5052095837453154,
        "median": 0.5055439017081211,
        "ci95": [
          0.4610191637630662,
          0.5483772936651081
        ],
        "n_boot": 2000
      },
      "f1_micro": {
        "mean": 0.5202343434343434,
        "median": 0.5212121212121212,
        "ci95": [
          0.4767676767676768,
          0.5636363636363636
        ],
        "n_boot": 2000
      }
    },
    "@tau_boot": {
      "precision_at_t": {
        "mean": 0.5394848411827711,
        "median": 0.5402298850574713,
        "ci95": [
          0.46153846153846156,
          0.6166691616766468
        ],
        "n_boot": 2000
      },
      "recall_at_t": {
        "mean": 0.3451172522106234,
        "median": 0.3458333333333333,
        "ci95": [
          0.2890557650862069,
          0.405308249821045
        ],
        "n_boot": 2000
      },
      "f1_at_t": {
        "mean": 0.42035626644430335,
        "median": 0.4218009478672986,
        "ci95": [
          0.3609003178048213,
          0.4801910560571068
        ],