{
  "clip_metrics": {
    "samples": 41908,
    "accuracy": 0.5024100410422832,
    "precision": 0.4951529003783102,
    "recall": 0.6097442616586597,
    "f1": 0.5465063175521389,
    "f1_macro": 0.49766042227618834,
    "f1_micro": 0.5024100410422832,
    "confusion_matrix": [
      [
        8490,
        12811
      ],
      [
        8042,
        12565
      ]
    ],
    "roc_auc": 0.5031619590533181,
    "pr_auc": 0.49178156298469594,
    "@tau": {
      "threshold": 0.6,
      "TP": 12565,
      "TN": 8490,
      "FP": 12811,
      "FN": 8042,
      "accuracy": 0.5024100410422832,
      "precision": 0.4951529003783102,
      "recall": 0.6097442616586597,
      "youden": 0.008317098614671115,
      "f1_pos": 0.5465063175521389,
      "f1_macro": 0.49766042227618834,
      "f1_micro": 0.5024100410422832,
      "confusion_matrix": [
        [
          8490,
          12811
        ],
        [
          8042,
          12565
        ]
      ]
    },
    "discrete_from_tau": {
      "accuracy": 0.5024100410422832,
      "precision": 0.4951529003783102,
      "recall": 0.6097442616586597,
      "youden": 0.008317098614671115,
      "f1_pos": 0.5465063175521389,
      "f1_macro": 0.49766042227618834,
      "f1_micro": 0.5024100410422832
    },
    "roc_auc_boot": {
      "auc": 0.5031804363838294,
      "ci95": [
        0.4979030542026247,
        0.5088455754772874
      ],
      "mean": 0.5031804363838294,
      "median": 0.5031689241018125,
      "n_boot": 2000
    },
    "pr_auc_boot": {
      "ap": 0.49188277992337753,
      "ci95": [
        0.48716367673456284,
        0.49673372973293134
      ],
      "mean": 0.49188277992337753,
      "median": 0.49188881445761173,
      "n_boot": 2000
    },
    "discrete_boot": {
      "accuracy": {
        "mean": 0.5024034551875537,
        "median": 0.5023981101460342,
        "ci95": [
          0.49770926792020614,
          0.5073017085043429
        ],
        "n_boot": 2000
      },
      "precision": {
        "mean": 0.4951135580903055,
        "median": 0.4951353054713042,
        "ci95": [
          0.48893119345889774,
          0.5014042645186875
        ],
        "n_boot": 2000
      },
      "recall": {
        "mean": 0.6097852859520396,
        "median": 0.6097986492554089,
        "ci95": [
          0.6034081576194716,
          0.6160938160169003
        ],
        "n_boot": 2000
      },
      "youden": {
        "mean": 0.008322464512060776,
        "median": 0.008407395414053997,
        "ci95": [
          -0.001083849828453992,
          0.01775482994735859
        ],
        "n_boot": 2000
      },
      "f1_pos": {
        "mean": 0.5464936342968232,
        "median": 0.5465292848064187,
        "ci95": [
          0.5410068280843362,
          0.5520146804821748
        ],
        "n_boot": 2000
      },
      "f1_macro": {
        "mean": 0.4976482505393415,
        "median": 0.49765240745210465,
        "ci95": [
          0.4928166893829096,
          0.5024620374757951
        ],
        "n_boot": 2000
      },
      "f1_micro": {
        "mean": 0.5024034551875537,
        "median": 0.5023981101460342,
        "ci95": [
          0.49770926792020614,
          0.5073017085043429
        ],
        "n_boot": 2000
      }
    },
    "@tau_boot": {
      "precision_at_t": {
        "mean": 0.4951135580903055,
        "median": 0.4951353054713042,
        "ci95": [
          0.48893119345889774,
          0.5014042645186875
        ],
        "n_boot": 2000
      },
      "recall_at_t": {
        "mean": 0.6097852859520396,
        "median": 0.6097986492554089,
        "ci95": [
          0.6034081576194716,
          0.6160938160169003
        ],
        "n_boot": 2000
      },
      "f1_at_t": {
        "mean": 0.5464936342968232,
        "median": 0.5465292848064187,
        "ci95": [
          0.5410068280843362,
          0.5520146804821748
        ],
        "n_boot": 2000
      }
    }
  },
  "per_tech_clip_acc": {
    "deepfakes": {
      "accuracy": 0.6097442616586597,
      "clips": 20607
    },
    "REAL": {
      "accuracy": 0.3985728369560115,
      "clips": 21301
    }
  },
  "video_metrics_at_t": {
    "t_video": 0.7095127105712891,
    "samples": 495,
    "accuracy": 0.5333333333333333,
    "precision": 0.5664335664335665,
    "recall": 0.324,
    "f1": 0.4122137404580153,
    "f1_macro": 0.5126395335455906,
    "f1_micro": 0.5333333333333333,
    "confusion_matrix": [
      [
        183,
        62
      ],
      [
        169,
        81
      ]
    ],
    "roc_auc": 0.5165224489795919,
    "pr_auc": 0.5298795963097938,
    "@tau": {
      "threshold": 0.7095127105712891,
      "TP": 81,
      "TN": 183,
      "FP": 62,
      "FN": 169,
      "accuracy": 0.5333333333333333,
      "precision": 0.5664335664335665,
      "recall": 0.324,
      "youden": 0.07093877551020411,
      "f1_pos": 0.4122137404580153,
      "f1_macro": 0.5126395335455906,
      "f1_micro": 0.5333333333333333,
      "confusion_matrix": [
        [
          183,
          62
        ],
        [
          169,
          81
        ]
      ]
    },
    "discrete_from_tau": {
      "accuracy": 0.5333333333333333,
      "precision": 0.5664335664335665,
      "recall": 0.324,
      "youden": 0.07093877551020411,
      "f1_pos": 0.4122137404580153,
      "f1_macro": 0.5126395335455906,
      "f1_micro": 0.5333333333333333
    },
    "roc_auc_boot": {
      "auc": 0.5171873897718859,
      "ci95": [
        0.4672149087508264,
        0.5667551110818821
      ],
      "mean": 0.5171873897718859,
      "median": 0.5173026792615589,
      "n_boot": 2000
    },
    "pr_auc_boot": {
      "ap": 0.5350820576454971,
      "ci95": [
        0.4922702167944852,
        0.5846582825104911
      ],
      "mean": 0.5350820576454971,
      "median": 0.5341665741111997,
      "n_boot": 2000
    },
    "discrete_boot": {
      "accuracy": {
        "mean": 0.5339757575757575,
        "median": 0.5333333333333333,
        "ci95": [
          0.4909090909090909,
          0.5777777777777777
        ],
        "n_boot": 2000
      },
      "precision": {
        "mean": 0.5679106056533108,
        "median": 0.5679012345679012,
        "ci95": [
          0.48527113970588237,
          0.6506876494890194
        ],
        "n_boot": 2000
      },
      "recall": {
        "mean": 0.3243724732703446,
        "median": 0.3235294117647059,
        "ci95": [
          0.2661084595128374,
          0.38333333333333336
        ],
        "n_boot": 2000
      },
      "youden": {
        "mean": 0.07243243423808823,
        "median": 0.07372082284247415,
        "ci95": [
          -0.008915438798743335,
          0.15252087320793628
        ],
        "n_boot": 2000
      },
      "f1_pos": {
        "mean": 0.4123087802304873,
        "median": 0.4122924372393169,
        "ci95": [
          0.34986945169712796,
          0.47238482488779765
        ],
        "n_boot": 2000
      },
      "f1_macro": {
        "mean": 0.5127820061461255,
        "median": 0.5129100084104289,
        "ci95": [
          0.46951227322605027,
          0.5565591942692315
        ],
        "n_boot": 2000
      },
      "f1_micro": {
        "mean": 0.5339757575757575,
        "median": 0.5333333333333333,
        "ci95": [
          0.4909090909090909,
          0.5777777777777777
        ],
        "n_boot": 2000
      }
    },
    "@tau_boot": {
      "precision_at_t": {
        "mean": 0.5679106056533108,
        "median": 0.5679012345679012,
        "ci95": [
          0.48527113970588237,
          0.6506876494890194
        ],
        "n_boot": 2000
      },
      "recall_at_t": {
        "mean": 0.3243724732703446,
        "median": 0.3235294117647059,
        "ci95": [
          0.2661084595128374,
          0.38333333333333336
        ],
        "n_boot": 2000
      },
      "f1_at_t": {
        "mean": 0.4123087802304873,
        "median": 0.4122924372393169,