{
  "clip_metrics": {
    "samples": 41908,
    "accuracy": 0.5024100410422832,
    "precision": 0.4951529003783102,
    "recall": 0.6097442616586597,
    "f1": 0.5465063175521389,
    "f1_macro": 0.49766042227618834,
    "f1_micro": 0.5024100410422832,
    "confusion_matrix": [
      [
        8490,
        12811
      ],
      [
        8042,
        12565
      ]
    ],
    "roc_auc": 0.5031619590533181,
    "pr_auc": 0.49178156298469594,
    "@tau": {
      "threshold": 0.6,
      "TP": 12565,
      "TN": 8490,
      "FP": 12811,
      "FN": 8042,
      "accuracy": 0.5024100410422832,
      "precision": 0.4951529003783102,
      "recall": 0.6097442616586597,
      "youden": 0.008317098614671115,
      "f1_pos": 0.5465063175521389,
      "f1_macro": 0.49766042227618834,
      "f1_micro": 0.5024100410422832,
      "confusion_matrix": [
        [
          8490,
          12811
        ],
        [
          8042,
          12565
        ]
      ]
    },
    "discrete_from_tau": {
      "accuracy": 0.5024100410422832,
      "precision": 0.4951529003783102,
      "recall": 0.6097442616586597,
      "youden": 0.008317098614671115,
      "f1_pos": 0.5465063175521389,
      "f1_macro": 0.49766042227618834,
      "f1_micro": 0.5024100410422832
    },
    "roc_auc_boot": {
      "auc": 0.5031804363838294,
      "ci95": [
        0.4979030542026247,
        0.5088455754772874
      ],
      "mean": 0.5031804363838294,
      "median": 0.5031689241018125,
      "n_boot": 2000
    },
    "pr_auc_boot": {
      "ap": 0.49188277992337753,
      "ci95": [
        0.48716367673456284,
        0.49673372973293134
      ],
      "mean": 0.49188277992337753,
      "median": 0.49188881445761173,
      "n_boot": 2000
    },
    "discrete_boot": {
      "accuracy": {
        "mean": 0.5024034551875537,
        "median": 0.5023981101460342,
        "ci95": [
          0.49770926792020614,
          0.5073017085043429
        ],
        "n_boot": 2000
      },
      "precision": {
        "mean": 0.4951135580903055,
        "median": 0.4951353054713042,
        "ci95": [
          0.48893119345889774,
          0.5014042645186875
        ],
        "n_boot": 2000
      },
      "recall": {
        "mean": 0.6097852859520396,
        "median": 0.6097986492554089,
        "ci95": [
          0.6034081576194716,
          0.6160938160169003
        ],
        "n_boot": 2000
      },
      "youden": {
        "mean": 0.008322464512060776,
        "median": 0.008407395414053997,
        "ci95": [
          -0.001083849828453992,
          0.01775482994735859
        ],
        "n_boot": 2000
      },
      "f1_pos": {
        "mean": 0.5464936342968232,
        "median": 0.5465292848064187,
        "ci95": [
          0.5410068280843362,
          0.5520146804821748
        ],
        "n_boot": 2000
      },
      "f1_macro": {
        "mean": 0.4976482505393415,
        "median": 0.49765240745210465,
        "ci95": [
          0.4928166893829096,
          0.5024620374757951
        ],
        "n_boot": 2000
      },
      "f1_micro": {
        "mean": 0.5024034551875537,
        "median": 0.5023981101460342,
        "ci95": [
          0.49770926792020614,
          0.5073017085043429
        ],
        "n_boot": 2000
      }
    },
    "@tau_boot": {
      "precision_at_t": {
        "mean": 0.4951135580903055,
        "median": 0.4951353054713042,
        "ci95": [
          0.48893119345889774,
          0.5014042645186875
        ],
        "n_boot": 2000
      },
      "recall_at_t": {
        "mean": 0.6097852859520396,
        "median": 0.6097986492554089,
        "ci95": [
          0.6034081576194716,
          0.6160938160169003
        ],
        "n_boot": 2000
      },
      "f1_at_t": {
        "mean": 0.5464936342968232,
        "median": 0.5465292848064187,
        "ci95": [
          0.5410068280843362,
          0.5520146804821748
        ],
        "n_boot": 2000
      }
    }
  },
  "per_tech_clip_acc": {
    "deepfakes": {
      "accuracy": 0.6097442616586597,
      "clips": 20607
    },
    "REAL": {
      "accuracy": 0.3985728369560115,
      "clips": 21301
    }
  },
  "video_metrics_at_t": {
    "t_video": 0.7095127105712891,
    "samples": 495,
    "accuracy": 0.5313131313131313,
    "precision": 0.5625,
    "recall": 0.324,
    "f1": 0.41116751269035534,
    "f1_macro": 0.5109528838619561,
    "f1_micro": 0.5313131313131313,
    "confusion_matrix": [
      [
        182,
        63
      ],
      [
        169,
        81
      ]
    ],
    "roc_auc": 0.5138448979591836,
    "pr_auc": 0.5285506035175622,
    "@tau": {
      "threshold": 0.7095127105712891,
      "TP": 81,
      "TN": 182,
      "FP": 63,
      "FN": 169,
      "accuracy": 0.5313131313131313,
      "precision": 0.5625,
      "recall": 0.324,
      "youden": 0.06685714285714289,
      "f1_pos": 0.41116751269035534,
      "f1_macro": 0.5109528838619561,
      "f1_micro": 0.5313131313131313,
      "confusion_matrix": [
        [
          182,
          63
        ],
        [
          169,
          81
        ]
      ]
    },
    "discrete_from_tau": {
      "accuracy": 0.5313131313131313,
      "precision": 0.5625,
      "recall": 0.324,
      "youden": 0.06685714285714289,
      "f1_pos": 0.41116751269035534,
      "f1_macro": 0.5109528838619561,
      "f1_micro": 0.5313131313131313
    },
    "roc_auc_boot": {
      "auc": 0.5146412372216415,
      "ci95": [
        0.46333204512283316,
        0.5647282306243817
      ],
      "mean": 0.5146412372216415,
      "median": 0.5147178947024627,
      "n_boot": 2000
    },
    "pr_auc_boot": {
      "ap": 0.532969143803246,
      "ci95": [
        0.48936271083852156,
        0.5820952797217007
      ],
      "mean": 0.532969143803246,
      "median": 0.5321305744564612,
      "n_boot": 2000
    },
    "discrete_boot": {
      "accuracy": {
        "mean": 0.5320393939393939,
        "median": 0.5313131313131313,
        "ci95": [
          0.4888888888888889,
          0.5757575757575758
        ],
        "n_boot": 2000
      },
      "precision": {
        "mean": 0.5641196559088058,
        "median": 0.5641941391941392,
        "ci95": [
          0.4827334507928518,
          0.6466764705882352
        ],
        "n_boot": 2000
      },
      "recall": {
        "mean": 0.3243724732703446,
        "median": 0.3235294117647059,
        "ci95": [
          0.2661084595128374,
          0.38333333333333336
        ],
        "n_boot": 2000
      },
      "youden": {
        "mean": 0.06852144391686389,
        "median": 0.06974768471434568,
        "ci95": [
          -0.012610967125606151,
          0.1483736180642469
        ],
        "n_boot": 2000
      },
      "f1_pos": {
        "mean": 0.4113056116184755,
        "median": 0.4113846936589546,
        "ci95": [
          0.3485244536517995,
          0.47165639840842
        ],
        "n_boot": 2000
      },
      "f1_macro": {
        "mean": 0.5111664365666014,
        "median": 0.5114977767071579,
        "ci95": [
          0.46724316347972356,
          0.554939011107965
        ],
        "n_boot": 2000
      },
      "f1_micro": {
        "mean": 0.5320393939393939,
        "median": 0.5313131313131313,
        "ci95": [
          0.4888888888888889,
          0.5757575757575758
        ],
        "n_boot": 2000
      }
    },
    "@tau_boot": {
      "precision_at_t": {
        "mean": 0.5641196559088058,
        "median": 0.5641941391941392,
        "ci95": [
          0.4827334507928518,
          0.6466764705882352
        ],
        "n_boot": 2000
      },
      "recall_at_t": {
        "mean": 0.3243724732703446,
        "median": 0.3235294117647059,
        "ci95": [
          0.2661084595128374,
          0.38333333333333336
        ],
        "n_boot": 2000
      },
      "f1_at_t": {
        "mean": 0.4113056116184755,
        "median": 0.4113846936589546,
        "ci95": [
          0.3485244536517995,
          0.47165639840842
        ],