{
  "clip_metrics": {
    "samples": 41908,
    "accuracy": 0.5024100410422832,
    "precision": 0.4951529003783102,
    "recall": 0.6097442616586597,
    "f1": 0.5465063175521389,
    "f1_macro": 0.49766042227618834,
    "f1_micro": 0.5024100410422832,
    "confusion_matrix": [
      [
        8490,
        12811
      ],
      [
        8042,
        12565
      ]
    ],
    "roc_auc": 0.5031619590533181,
    "pr_auc": 0.49178156298469594,
    "@tau": {
      "threshold": 0.6,
      "TP": 12565,
      "TN": 8490,
      "FP": 12811,
      "FN": 8042,
      "accuracy": 0.5024100410422832,
      "precision": 0.4951529003783102,
      "recall": 0.6097442616586597,
      "youden": 0.008317098614671115,
      "f1_pos": 0.5465063175521389,
      "f1_macro": 0.49766042227618834,
      "f1_micro": 0.5024100410422832,
      "confusion_matrix": [
        [
          8490,
          12811
        ],
        [
          8042,
          12565
        ]
      ]
    },
    "discrete_from_tau": {
      "accuracy": 0.5024100410422832,
      "precision": 0.4951529003783102,
      "recall": 0.6097442616586597,
      "youden": 0.008317098614671115,
      "f1_pos": 0.5465063175521389,
      "f1_macro": 0.49766042227618834,
      "f1_micro": 0.5024100410422832
    },
    "roc_auc_boot": {
      "auc": 0.5031804363838294,
      "ci95": [
        0.4979030542026247,
        0.5088455754772874
      ],
      "mean": 0.5031804363838294,
      "median": 0.5031689241018125,
      "n_boot": 2000
    },
    "pr_auc_boot": {
      "ap": 0.49188277992337753,
      "ci95": [
        0.48716367673456284,
        0.49673372973293134
      ],
      "mean": 0.49188277992337753,
      "median": 0.49188881445761173,
      "n_boot": 2000
    },
    "discrete_boot": {
      "accuracy": {
        "mean": 0.5024034551875537,
        "median": 0.5023981101460342,
        "ci95": [
          0.49770926792020614,
          0.5073017085043429
        ],
        "n_boot": 2000
      },
      "precision": {
        "mean": 0.4951135580903055,
        "median": 0.4951353054713042,
        "ci95": [
          0.48893119345889774,
          0.5014042645186875
        ],
        "n_boot": 2000
      },
      "recall": {
        "mean": 0.6097852859520396,
        "median": 0.6097986492554089,
        "ci95": [
          0.6034081576194716,
          0.6160938160169003
        ],
        "n_boot": 2000
      },
      "youden": {
        "mean": 0.008322464512060776,
        "median": 0.008407395414053997,
        "ci95": [
          -0.001083849828453992,
          0.01775482994735859
        ],
        "n_boot": 2000
      },
      "f1_pos": {
        "mean": 0.5464936342968232,
        "median": 0.5465292848064187,
        "ci95": [
          0.5410068280843362,
          0.5520146804821748
        ],
        "n_boot": 2000
      },
      "f1_macro": {
        "mean": 0.4976482505393415,
        "median": 0.49765240745210465,
        "ci95": [
          0.4928166893829096,
          0.5024620374757951
        ],
        "n_boot": 2000
      },
      "f1_micro": {
        "mean": 0.5024034551875537,
        "median": 0.5023981101460342,
        "ci95": [
          0.49770926792020614,
          0.5073017085043429
        ],
        "n_boot": 2000
      }
    },
    "@tau_boot": {
      "precision_at_t": {
        "mean": 0.4951135580903055,
        "median": 0.4951353054713042,
        "ci95": [
          0.48893119345889774,
          0.5014042645186875
        ],
        "n_boot": 2000
      },
      "recall_at_t": {
        "mean": 0.6097852859520396,
        "median": 0.6097986492554089,
        "ci95": [
          0.6034081576194716,
          0.6160938160169003
        ],
        "n_boot": 2000
      },
      "f1_at_t": {
        "mean": 0.5464936342968232,
        "median": 0.5465292848064187,
        "ci95": [
          0.5410068280843362,
          0.5520146804821748
        ],
        "n_boot": 2000
      }
    }
  },
  "per_tech_clip_acc": {
    "deepfakes": {
      "accuracy": 0.6097442616586597,
      "clips": 20607
    },
    "REAL": {
      "accuracy": 0.3985728369560115,
      "clips": 21301
    }
  },
  "video_metrics_at_t": {
    "t_video": 0.8884309033552805,
    "samples": 495,
    "accuracy": 0.5212121212121212,
    "precision": 0.5375722543352601,
    "recall": 0.372,
    "f1": 0.4397163120567376,
    "f1_macro": 0.5108634470336598,
    "f1_micro": 0.5212121212121212,
    "confusion_matrix": [
      [
        165,
        80
      ],
      [
        157,
        93
      ]
    ],
    "roc_auc": 0.485795918367347,
    "pr_auc": 0.5116866320609804,
    "@tau": {
      "threshold": 0.8884309033552805,
      "TP": 93,
      "TN": 165,
      "FP": 80,
      "FN": 157,
      "accuracy": 0.5212121212121212,
      "precision": 0.5375722543352601,
      "recall": 0.372,
      "youden": 0.045469387755102064,
      "f1_pos": 0.4397163120567376,
      "f1_macro": 0.5108634470336598,
      "f1_micro": 0.5212121212121212,
      "confusion_matrix": [
        [
          165,
          80
        ],
        [
          157,
          93
        ]
      ]
    },
    "discrete_from_tau": {
      "accuracy": 0.5212121212121212,
      "precision": 0.5375722543352601,
      "recall": 0.372,
      "youden": 0.045469387755102064,
      "f1_pos": 0.4397163120567376,
      "f1_macro": 0.5108634470336598,
      "f1_micro": 0.5212121212121212
    },
    "roc_auc_boot": {
      "auc": 0.48681221900260974,
      "ci95": [
        0.43558570537045016,
        0.5348760538564873
      ],
      "mean": 0.48681221900260974,
      "median": 0.487981682115196,
      "n_boot": 2000
    },
    "pr_auc_boot": {
      "ap": 0.5163092518762056,
      "ci95": [
        0.47378600253292175,
        0.5632074346061026
      ],
      "mean": 0.5163092518762056,
      "median": 0.5158982122654698,
      "n_boot": 2000
    },
    "discrete_boot": {
      "accuracy": {
        "mean": 0.5222343434343434,
        "median": 0.5212121212121212,
        "ci95": [
          0.47878787878787876,
          0.5656565656565656
        ],
        "n_boot": 2000
      },
      "precision": {
        "mean": 0.5393772145626633,
        "median": 0.5393304775503729,
        "ci95": [
          0.4666564417177914,
          0.6136435558112773
        ],
        "n_boot": 2000
      },
      "recall": {
        "mean": 0.37302869908182434,
        "median": 0.37356288084575284,
        "ci95": [
          0.31488980249215903,
          0.4319114185521449
        ],
        "n_boot": 2000
      },
      "youden": {
        "mean": 0.04768283417025179,
        "median": 0.04769820017657472,
        "ci95": [
          -0.03941750036100036,
          0.12828115886565367
        ],
        "n_boot": 2000
      },
      "f1_pos": {
        "mean": 0.44045608808323106,
        "median": 0.44110275689223055,
        "ci95": [
          0.3811761823390461,
          0.49775834578973593
        ],
        "n_boot": 2000
      },
      "f1_macro": {
        "mean": 0.5114377113587121,
        "median": 0.5112256068570782,
        "ci95": [
          0.46615167180674955,
          0.5544803106911412
        ],
        "n_boot": 2000
      },
      "f1_micro": {
        "mean": 0.5222343434343434,
        "median": 0.5212121212121212,
        "ci95": [
          0.47878787878787876,
          0.5656565656565656
        ],
        "n_boot": 2000
      }
    },
    "@tau_boot": {
      "precision_at_t": {
        "mean": 0.5393772145626633,
        "median": 0.5393304775503729,
        "ci95": [
          0.4666564417177914,
          0.6136435558112773
        ],
        "n_boot": 2000
      },
      "recall_at_t": {
        "mean": 0.37302869908182434,
        "median": 0.37356288084575284,
        "ci95": [
          0.31488980249215903,
          0.4319114185521449
        ],
        "n_boot": 2000
      },
      "f1_at_t": {
        "mean": 0.44045608808323106,
        "median": 0.44110275689223055,