{
  "clip_metrics": {
    "samples": 41908,
    "accuracy": 0.5024100410422832,
    "precision": 0.4951529003783102,
    "recall": 0.6097442616586597,
    "f1": 0.5465063175521389,
    "f1_macro": 0.49766042227618834,
    "f1_micro": 0.5024100410422832,
    "confusion_matrix": [
      [
        8490,
        12811
      ],
      [
        8042,
        12565
      ]
    ],
    "roc_auc": 0.5031619590533181,
    "pr_auc": 0.49178156298469594,
    "@tau": {
      "threshold": 0.6,
      "TP": 12565,
      "TN": 8490,
      "FP": 12811,
      "FN": 8042,
      "accuracy": 0.5024100410422832,
      "precision": 0.4951529003783102,
      "recall": 0.6097442616586597,
      "youden": 0.008317098614671115,
      "f1_pos": 0.5465063175521389,
      "f1_macro": 0.49766042227618834,
      "f1_micro": 0.5024100410422832,
      "confusion_matrix": [
        [
          8490,
          12811
        ],
        [
          8042,
          12565
        ]
      ]
    },
    "discrete_from_tau": {
      "accuracy": 0.5024100410422832,
      "precision": 0.4951529003783102,
      "recall": 0.6097442616586597,
      "youden": 0.008317098614671115,
      "f1_pos": 0.5465063175521389,
      "f1_macro": 0.49766042227618834,
      "f1_micro": 0.5024100410422832
    },
    "roc_auc_boot": {
      "auc": 0.5031804363838294,
      "ci95": [
        0.4979030542026247,
        0.5088455754772874
      ],
      "mean": 0.5031804363838294,
      "median": 0.5031689241018125,
      "n_boot": 2000
    },
    "pr_auc_boot": {
      "ap": 0.49188277992337753,
      "ci95": [
        0.48716367673456284,
        0.49673372973293134
      ],
      "mean": 0.49188277992337753,
      "median": 0.49188881445761173,
      "n_boot": 2000
    },
    "discrete_boot": {
      "accuracy": {
        "mean": 0.5024034551875537,
        "median": 0.5023981101460342,
        "ci95": [
          0.49770926792020614,
          0.5073017085043429
        ],
        "n_boot": 2000
      },
      "precision": {
        "mean": 0.4951135580903055,
        "median": 0.4951353054713042,
        "ci95": [
          0.48893119345889774,
          0.5014042645186875
        ],
        "n_boot": 2000
      },
      "recall": {
        "mean": 0.6097852859520396,
        "median": 0.6097986492554089,
        "ci95": [
          0.6034081576194716,
          0.6160938160169003
        ],
        "n_boot": 2000
      },
      "youden": {
        "mean": 0.008322464512060776,
        "median": 0.008407395414053997,
        "ci95": [
          -0.001083849828453992,
          0.01775482994735859
        ],
        "n_boot": 2000
      },
      "f1_pos": {
        "mean": 0.5464936342968232,
        "median": 0.5465292848064187,
        "ci95": [
          0.5410068280843362,
          0.5520146804821748
        ],
        "n_boot": 2000
      },
      "f1_macro": {
        "mean": 0.4976482505393415,
        "median": 0.49765240745210465,
        "ci95": [
          0.4928166893829096,
          0.5024620374757951
        ],
        "n_boot": 2000
      },
      "f1_micro": {
        "mean": 0.5024034551875537,
        "median": 0.5023981101460342,
        "ci95": [
          0.49770926792020614,
          0.5073017085043429
        ],
        "n_boot": 2000
      }
    },
    "@tau_boot": {
      "precision_at_t": {
        "mean": 0.4951135580903055,
        "median": 0.4951353054713042,
        "ci95": [
          0.48893119345889774,
          0.5014042645186875
        ],
        "n_boot": 2000
      },
      "recall_at_t": {
        "mean": 0.6097852859520396,
        "median": 0.6097986492554089,
        "ci95": [
          0.6034081576194716,
          0.6160938160169003
        ],
        "n_boot": 2000
      },
      "f1_at_t": {
        "mean": 0.5464936342968232,
        "median": 0.5465292848064187,
        "ci95": [
          0.5410068280843362,
          0.5520146804821748
        ],
        "n_boot": 2000
      }
    }
  },
  "per_tech_clip_acc": {
    "deepfakes": {
      "accuracy": 0.6097442616586597,
      "clips": 20607
    },
    "REAL": {
      "accuracy": 0.3985728369560115,
      "clips": 21301
    }
  },
  "video_metrics_at_t": {
    "t_video": 0.719306014916476,
    "samples": 495,
    "accuracy": 0.5272727272727272,
    "precision": 0.5666666666666667,
    "recall": 0.272,
    "f1": 0.3675675675675676,
    "f1_macro": 0.49507410636442895,
    "f1_micro": 0.5272727272727272,
    "confusion_matrix": [
      [
        193,
        52
      ],
      [
        182,
        68
      ]
    ],
    "roc_auc": 0.5162122448979591,
    "pr_auc": 0.5297881476403232,
    "@tau": {
      "threshold": 0.719306014916476,
      "TP": 68,
      "TN": 193,
      "FP": 52,
      "FN": 182,
      "accuracy": 0.5272727272727272,
      "precision": 0.5666666666666667,
      "recall": 0.272,
      "youden": 0.059755102040816355,
      "f1_pos": 0.3675675675675676,
      "f1_macro": 0.49507410636442895,
      "f1_micro": 0.5272727272727272,
      "confusion_matrix": [
        [
          193,
          52
        ],
        [
          182,
          68
        ]
      ]
    },
    "discrete_from_tau": {
      "accuracy": 0.5272727272727272,
      "precision": 0.5666666666666667,
      "recall": 0.272,
      "youden": 0.059755102040816355,
      "f1_pos": 0.3675675675675676,
      "f1_macro": 0.49507410636442895,
      "f1_micro": 0.5272727272727272
    },
    "roc_auc_boot": {
      "auc": 0.5168205847660915,
      "ci95": [
        0.4665807098616861,
        0.5662548883697268
      ],
      "mean": 0.5168205847660915,
      "median": 0.5170437848956803,
      "n_boot": 2000
    },
    "pr_auc_boot": {
      "ap": 0.5349742409740846,
      "ci95": [
        0.4920284866739181,
        0.5841777124710386
      ],
      "mean": 0.5349742409740846,
      "median": 0.5338024524149011,
      "n_boot": 2000
    },
    "discrete_boot": {
      "accuracy": {
        "mean": 0.5278181818181817,
        "median": 0.5272727272727272,
        "ci95": [
          0.4868686868686869,
          0.5696969696969697
        ],
        "n_boot": 2000
      },
      "precision": {
        "mean": 0.568297796843372,
        "median": 0.5682635709614128,
        "ci95": [
          0.47998347107438016,
          0.6554690728750516
        ],
        "n_boot": 2000
      },
      "recall": {
        "mean": 0.27216235978919073,
        "median": 0.27128644509305466,
        "ci95": [
          0.2186164100206849,
          0.328010332103321
        ],
        "n_boot": 2000
      },
      "youden": {
        "mean": 0.061072118112103016,
        "median": 0.061543113298457394,
        "ci95": [
          -0.013142978553599093,
          0.1357116771059816
        ],
        "n_boot": 2000
      },
      "f1_pos": {
        "mean": 0.3674419869030827,
        "median": 0.3676277949258451,
        "ci95": [
          0.3047001083945562,
          0.4281846356322571
        ],
        "n_boot": 2000
      },
      "f1_macro": {
        "mean": 0.4950763922685631,
        "median": 0.49562455046751375,
        "ci95": [
          0.4530993485717965,
          0.5379689401650422
        ],
        "n_boot": 2000
      },
      "f1_micro": {
        "mean": 0.5278181818181817,
        "median": 0.5272727272727272,
        "ci95": [
          0.4868686868686869,
          0.5696969696969697
        ],
        "n_boot": 2000
      }
    },
    "@tau_boot": {
      "precision_at_t": {
        "mean": 0.568297796843372,
        "median": 0.5682635709614128,
        "ci95": [
          0.47998347107438016,
          0.6554690728750516
        ],
        "n_boot": 2000
      },
      "recall_at_t": {
        "mean": 0.27216235978919073,
        "median": 0.27128644509305466,
        "ci95": [
          0.2186164100206849,
          0.328010332103321
        ],
        "n_boot": 2000
      },
      "f1_at_t": {
        "mean": 0.3674419869030827,
        "median": 0.3676277949258451,