{
  "clip_metrics": {
    "samples": 41908,
    "accuracy": 0.49883077216760524,
    "precision": 0.49412462908011867,
    "recall": 0.8080749259960208,
    "f1": 0.6132542766125914,
    "f1_macro": 0.45075265933377884,
    "f1_micro": 0.49883077216760524,
    "confusion_matrix": [
      [
        4253,
        17048
      ],
      [
        3955,
        16652
      ]
    ],
    "roc_auc": 0.5031619590533181,
    "pr_auc": 0.49178156298469594,
    "@tau": {
      "threshold": 0.6,
      "TP": 12565,
      "TN": 8490,
      "FP": 12811,
      "FN": 8042,
      "accuracy": 0.5024100410422832,
      "precision": 0.4951529003783102,
      "recall": 0.6097442616586597,
      "youden": 0.008317098614671115,
      "f1_pos": 0.5465063175521389,
      "f1_macro": 0.49766042227618834,
      "f1_micro": 0.5024100410422832,
      "confusion_matrix": [
        [
          8490,
          12811
        ],
        [
          8042,
          12565
        ]
      ]
    },
    "discrete_from_tau": {
      "accuracy": 0.5024100410422832,
      "precision": 0.4951529003783102,
      "recall": 0.6097442616586597,
      "youden": 0.008317098614671115,
      "f1_pos": 0.5465063175521389,
      "f1_macro": 0.49766042227618834,
      "f1_micro": 0.5024100410422832
    },
    "roc_auc_boot": {
      "auc": 0.5031804363838294,
      "ci95": [
        0.4979030542026247,
        0.5088455754772874
      ],
      "mean": 0.5031804363838294,
      "median": 0.5031689241018125,
      "n_boot": 2000
    },
    "pr_auc_boot": {
      "ap": 0.49188277992337753,
      "ci95": [
        0.48716367673456284,
        0.49673372973293134
      ],
      "mean": 0.49188277992337753,
      "median": 0.49188881445761173,
      "n_boot": 2000
    },
    "discrete_boot": {
      "accuracy": {
        "mean": 0.5024034551875537,
        "median": 0.5023981101460342,
        "ci95": [
          0.49770926792020614,
          0.5073017085043429
        ],
        "n_boot": 2000
      },
      "precision": {
        "mean": 0.4951135580903055,
        "median": 0.4951353054713042,
        "ci95": [
          0.48893119345889774,
          0.5014042645186875
        ],
        "n_boot": 2000
      },
      "recall": {
        "mean": 0.6097852859520396,
        "median": 0.6097986492554089,
        "ci95": [
          0.6034081576194716,
          0.6160938160169003
        ],
        "n_boot": 2000
      },
      "youden": {
        "mean": 0.008322464512060776,
        "median": 0.008407395414053997,
        "ci95": [
          -0.001083849828453992,
          0.01775482994735859
        ],
        "n_boot": 2000
      },
      "f1_pos": {
        "mean": 0.5464936342968232,
        "median": 0.5465292848064187,
        "ci95": [
          0.5410068280843362,
          0.5520146804821748
        ],
        "n_boot": 2000
      },
      "f1_macro": {
        "mean": 0.4976482505393415,
        "median": 0.49765240745210465,
        "ci95": [
          0.4928166893829096,
          0.5024620374757951
        ],
        "n_boot": 2000
      },
      "f1_micro": {
        "mean": 0.5024034551875537,
        "median": 0.5023981101460342,
        "ci95": [
          0.49770926792020614,
          0.5073017085043429
        ],
        "n_boot": 2000
      }
    },
    "@tau_boot": {
      "precision_at_t": {
        "mean": 0.4951135580903055,
        "median": 0.4951353054713042,
        "ci95": [
          0.48893119345889774,
          0.5014042645186875
        ],
        "n_boot": 2000
      },
      "recall_at_t": {
        "mean": 0.6097852859520396,
        "median": 0.6097986492554089,
        "ci95": [
          0.6034081576194716,
          0.6160938160169003
        ],
        "n_boot": 2000
      },
      "f1_at_t": {
        "mean": 0.5464936342968232,
        "median": 0.5465292848064187,
        "ci95": [
          0.5410068280843362,
          0.5520146804821748
        ],
        "n_boot": 2000
      }
    }
  },
  "per_tech_clip_acc": {
    "deepfakes": {
      "accuracy": 0.8080749259960208,
      "clips": 20607
    },
    "REAL": {
      "accuracy": 0.19966198770010798,
      "clips": 21301
    }
  },
  "video_metrics_at_t": {
    "t_video": 0.7052251131911027,
    "samples": 495,
    "accuracy": 0.5272727272727272,
    "precision": 0.5606060606060606,
    "recall": 0.296,
    "f1": 0.387434554973822,
    "f1_macro": 0.5012830669605952,
    "f1_micro": 0.5272727272727272,
    "confusion_matrix": [
      [
        187,
        58
      ],
      [
        176,
        74
      ]
    ],
    "roc_auc": 0.5210938775510204,
    "pr_auc": 0.5336087256024944,
    "@tau": {
      "threshold": 0.7052251131911027,
      "TP": 74,
      "TN": 187,
      "FP": 58,
      "FN": 176,
      "accuracy": 0.5272727272727272,
      "precision": 0.5606060606060606,
      "recall": 0.296,
      "youden": 0.05926530612244896,
      "f1_pos": 0.387434554973822,
      "f1_macro": 0.5012830669605952,
      "f1_micro": 0.5272727272727272,
      "confusion_matrix": [
        [
          187,
          58
        ],
        [
          176,
          74
        ]
      ]
    },
    "discrete_from_tau": {
      "accuracy": 0.5272727272727272,
      "precision": 0.5606060606060606,
      "recall": 0.296,
      "youden": 0.05926530612244896,
      "f1_pos": 0.387434554973822,
      "f1_macro": 0.5012830669605952,
      "f1_micro": 0.5272727272727272
    },
    "roc_auc_boot": {
      "auc": 0.5217691316945762,
      "ci95": [
        0.47215341833717517,
        0.5717892360250028
      ],
      "mean": 0.5217691316945762,
      "median": 0.522459048735825,
      "n_boot": 2000
    },
    "pr_auc_boot": {
      "ap": 0.5388435108249247,
      "ci95": [
        0.4951336013808467,
        0.5882144942845408
      ],
      "mean": 0.5388435108249247,
      "median": 0.5381624132527076,
      "n_boot": 2000
    },
    "discrete_boot": {
      "accuracy": {
        "mean": 0.5277373737373737,
        "median": 0.5272727272727272,
        "ci95": [
          0.4868686868686869,
          0.5696969696969697
        ],
        "n_boot": 2000
      },
      "precision": {
        "mean": 0.5619468235501972,
        "median": 0.5625,
        "ci95": [
          0.47582992402104035,
          0.6453970514324008
        ],
        "n_boot": 2000
      },
      "recall": {
        "mean": 0.29622993858352836,
        "median": 0.29554655870445345,
        "ci95": [
          0.24178889847569743,
          0.35267903452874927
        ],
        "n_boot": 2000
      },
      "youden": {
        "mean": 0.06041706604819699,
        "median": 0.06134802209909447,
        "ci95": [
          -0.016754544212825927,
          0.13490299003434836
        ],
        "n_boot": 2000
      },
      "f1_pos": {
        "mean": 0.3873465432173611,
        "median": 0.3876186743315042,
        "ci95": [
          0.3258331121531157,
          0.4488778054862843
        ],
        "n_boot": 2000
      },
      "f1_macro": {
        "mean": 0.5012509471646924,
        "median": 0.5014974779319041,
        "ci95": [
          0.4586576880683384,
          0.5437817542861438
        ],
        "n_boot": 2000
      },
      "f1_micro": {
        "mean": 0.5277373737373737,
        "median": 0.5272727272727272,
        "ci95": [
          0.4868686868686869,
          0.5696969696969697
        ],
        "n_boot": 2000
      }
    },
    "@tau_boot": {
      "precision_at_t": {
        "mean": 0.5619468235501972,
        "median": 0.5625,
        "ci95": [
          0.47582992402104035,
          0.6453970514324008
        ],
        "n_boot": 2000
      },
      "recall_at_t": {
        "mean": 0.29622993858352836,
        "median": 0.29554655870445345,
        "ci95": [
          0.24178889847569743,
          0.35267903452874927
        ],
        "n_boot": 2000
      },
      "f1_at_t": {
        "mean": 0.3873465432173611,
        "median": 0.3876186743315042,